Date,Year,Month,DayOfWeek,IsWeekend,WeekOfYear,TotalReports,ResolutionRate,AvgDaysToResolution,AvgDaysToFirstResponse,AnonymousRate,ImageAttachmentRate,GPSCoverageCount,Reports_7Day_MA,ResolutionRate_7Day_MA
2024-03-22,2024,3,Friday,False,12,26,0.731,64.0,20.833,0.5,0.0,26,,
2024-03-23,2024,3,Saturday,True,12,82,0.683,80.357,25.632,0.744,0.0,82,,
2024-03-24,2024,3,Sunday,True,12,61,0.803,104.265,23.698,0.426,0.0,61,,
2024-03-25,2024,3,Monday,False,13,71,0.648,91.217,17.942,0.62,0.0,71,,
2024-03-26,2024,3,Tuesday,False,13,70,0.771,95.0,28.214,0.471,0.0,70,,
2024-03-27,2024,3,Wednesday,False,13,65,0.585,144.0,27.377,0.523,0.0,65,,
2024-03-28,2024,3,Thursday,False,13,53,0.642,91.059,22.654,0.66,0.0,53,61.1,0.695
2024-03-29,2024,3,Friday,False,13,66,0.773,106.294,22.051,0.394,0.0,66,66.9,0.701
2024-03-30,2024,3,Saturday,True,13,33,0.697,97.609,21.484,0.455,0.0,33,59.9,0.703
2024-03-31,2024,3,Sunday,True,13,42,0.738,137.452,37.026,0.524,0.0,42,57.1,0.693
2024-04-01,2024,4,Monday,False,14,84,0.607,73.059,19.633,0.405,0.0,84,59.0,0.688
2024-04-02,2024,4,Tuesday,False,14,57,0.684,92.821,29.462,0.526,0.0,57,57.1,0.675
2024-04-03,2024,4,Wednesday,False,14,57,0.789,117.978,28.075,0.649,0.0,57,56.0,0.704
2024-04-04,2024,4,Thursday,False,14,90,0.667,90.667,30.333,0.633,0.0,90,61.3,0.708
2024-04-05,2024,4,Friday,False,14,97,0.598,99.776,30.968,0.495,0.0,97,65.7,0.683
2024-04-06,2024,4,Saturday,True,14,51,0.627,142.781,20.771,0.725,0.0,51,68.3,0.673
2024-04-07,2024,4,Sunday,True,14,93,0.656,105.82,23.374,0.495,0.0,93,75.6,0.661
2024-04-08,2024,4,Monday,False,15,79,0.734,82.155,22.644,0.481,0.0,79,74.9,0.679
2024-04-09,2024,4,Tuesday,False,15,54,0.63,133.412,51.312,0.519,0.0,54,74.4,0.672
2024-04-10,2024,4,Wednesday,False,15,76,0.605,127.087,25.587,0.724,0.0,76,77.1,0.645
2024-04-11,2024,4,Thursday,False,15,42,0.595,106.8,34.585,0.524,0.0,42,70.3,0.635
2024-04-12,2024,4,Friday,False,15,58,0.672,126.641,26.14,0.483,0.0,58,64.7,0.646
2024-04-13,2024,4,Saturday,True,15,47,0.596,130.679,33.182,0.723,0.0,47,64.1,0.641
2024-04-14,2024,4,Sunday,True,15,61,0.738,76.267,18.895,0.557,0.0,61,59.6,0.653
2024-04-15,2024,4,Monday,False,16,73,0.767,81.5,17.174,0.575,0.0,73,58.7,0.658
2024-04-16,2024,4,Tuesday,False,16,88,0.773,91.971,24.605,0.443,0.0,88,63.6,0.678
2024-04-17,2024,4,Wednesday,False,16,75,0.493,99.757,31.278,0.453,0.0,75,63.4,0.662
2024-04-18,2024,4,Thursday,False,16,90,0.756,108.25,28.035,0.444,0.0,90,70.3,0.685
2024-04-19,2024,4,Friday,False,16,51,0.627,96.0,25.082,0.353,0.0,51,69.3,0.679
2024-04-20,2024,4,Saturday,True,16,52,0.731,134.342,25.56,0.558,0.0,52,70.0,0.698
2024-04-21,2024,4,Sunday,True,16,77,0.727,107.625,24.948,0.532,0.0,77,72.3,0.696
2024-04-22,2024,4,Monday,False,17,79,0.519,122.049,28.72,0.519,0.0,79,73.1,0.661
2024-04-23,2024,4,Tuesday,False,17,64,0.719,73.87,27.467,0.625,0.016,64,69.7,0.653
2024-04-24,2024,4,Wednesday,False,17,61,0.639,108.897,21.918,0.508,0.0,61,67.7,0.674
2024-04-25,2024,4,Thursday,False,17,58,0.655,116.789,33.481,0.483,0.0,58,63.1,0.66
2024-04-26,2024,4,Friday,False,17,63,0.73,83.174,18.879,0.413,0.0,63,64.9,0.674
2024-04-27,2024,4,Saturday,True,17,34,0.676,80.043,28.6,0.471,0.0,34,62.3,0.666
2024-04-28,2024,4,Sunday,True,17,65,0.646,95.381,24.688,0.631,0.0,65,60.6,0.655
2024-04-29,2024,4,Monday,False,18,56,0.589,81.909,25.667,0.5,0.0,56,57.3,0.665
2024-04-30,2024,4,Tuesday,False,18,90,0.622,127.714,16.383,0.533,0.0,90,61.0,0.651
2024-05-01,2024,5,Wednesday,False,18,56,0.679,125.737,17.537,0.625,0.0,56,60.3,0.657
2024-05-02,2024,5,Thursday,False,18,30,0.633,91.421,41.875,0.667,0.0,30,56.3,0.654
2024-05-03,2024,5,Friday,False,18,42,0.69,160.655,21.289,0.548,0.0,42,53.3,0.648
2024-05-04,2024,5,Saturday,True,18,54,0.574,109.226,30.0,0.481,0.0,54,56.1,0.633
2024-05-05,2024,5,Sunday,True,18,63,0.587,86.054,24.915,0.524,0.0,63,55.9,0.625
2024-05-06,2024,5,Monday,False,19,75,0.667,122.32,31.606,0.707,0.0,75,58.6,0.636
2024-05-07,2024,5,Tuesday,False,19,55,0.618,125.471,31.412,0.6,0.0,55,53.6,0.635
2024-05-08,2024,5,Wednesday,False,19,107,0.607,99.815,22.354,0.486,0.0,107,60.9,0.625
2024-05-09,2024,5,Thursday,False,19,56,0.696,83.692,20.094,0.875,0.0,56,64.6,0.634
2024-05-10,2024,5,Friday,False,19,65,0.692,72.556,18.145,0.585,0.0,65,67.9,0.634
2024-05-11,2024,5,Saturday,True,19,54,0.37,146.9,24.852,0.741,0.0,54,67.9,0.605
2024-05-12,2024,5,Sunday,True,19,62,0.71,82.955,35.655,0.452,0.0,62,67.7,0.623
2024-05-13,2024,5,Monday,False,20,56,0.643,89.333,33.333,0.5,0.0,56,65.0,0.619
2024-05-14,2024,5,Tuesday,False,20,76,0.697,97.585,20.855,0.408,0.0,76,68.0,0.631
2024-05-15,2024,5,Wednesday,False,20,69,0.739,76.765,18.538,0.435,0.0,69,62.6,0.65
2024-05-16,2024,5,Thursday,False,20,66,0.712,138.638,33.724,0.545,0.0,66,64.0,0.652
2024-05-17,2024,5,Friday,False,20,40,0.6,144.0,49.057,0.5,0.0,40,60.4,0.639
2024-05-18,2024,5,Saturday,True,20,46,0.717,102.061,22.071,0.413,0.0,46,59.3,0.688
2024-05-19,2024,5,Sunday,True,20,38,0.605,111.304,34.857,0.526,0.0,38,55.9,0.673
2024-05-20,2024,5,Monday,False,21,36,0.583,86.762,32.778,0.611,0.0,36,53.0,0.665
2024-05-21,2024,5,Tuesday,False,21,76,0.618,107.915,28.119,0.447,0.0,76,53.0,0.653
2024-05-22,2024,5,Wednesday,False,21,66,0.53,102.657,19.197,0.545,0.0,66,52.6,0.624
2024-05-23,2024,5,Thursday,False,21,52,0.635,88.121,17.24,0.577,0.0,52,50.6,0.613
2024-05-24,2024,5,Friday,False,21,65,0.677,88.273,29.103,0.323,0.0,65,54.1,0.624
2024-05-25,2024,5,Saturday,True,21,70,0.771,62.704,17.899,0.486,0.0,70,57.6,0.631
2024-05-26,2024,5,Sunday,True,21,85,0.576,86.388,31.568,0.259,0.0,85,64.3,0.627
2024-05-27,2024,5,Monday,False,22,68,0.618,75.024,25.967,0.353,0.0,68,68.9,0.632
2024-05-28,2024,5,Tuesday,False,22,92,0.641,120.983,35.31,0.5,0.0,92,71.1,0.635
2024-05-29,2024,5,Wednesday,False,22,48,0.583,105.214,25.489,0.646,0.0,48,68.6,0.643
2024-05-30,2024,5,Thursday,False,22,52,0.596,93.065,27.878,0.788,0.0,52,68.6,0.637
2024-05-31,2024,5,Friday,False,22,53,0.547,137.586,27.205,0.377,0.0,53,66.9,0.619
2024-06-01,2024,6,Saturday,True,22,36,0.528,65.579,35.212,0.5,0.0,36,62.0,0.584
2024-06-02,2024,6,Sunday,True,22,40,0.675,97.481,18.132,0.45,0.0,40,55.6,0.598
2024-06-03,2024,6,Monday,False,23,84,0.536,74.889,25.5,0.69,0.0,84,57.9,0.587
2024-06-04,2024,6,Tuesday,False,23,67,0.627,93.952,27.955,0.522,0.0,67,54.3,0.585
2024-06-05,2024,6,Wednesday,False,23,62,0.661,93.805,27.55,0.645,0.0,62,56.3,0.596
2024-06-06,2024,6,Thursday,False,23,90,0.744,150.925,32.348,0.378,0.0,90,61.7,0.617
2024-06-07,2024,6,Friday,False,23,78,0.603,102.574,26.732,0.564,0.0,78,65.3,0.625
2024-06-08,2024,6,Saturday,True,23,47,0.66,135.871,40.171,0.511,0.0,47,66.9,0.644
2024-06-09,2024,6,Sunday,True,23,50,0.6,84.567,26.979,0.48,0.0,50,68.3,0.633
2024-06-10,2024,6,Monday,False,24,63,0.635,104.525,18.172,0.54,0.0,63,65.3,0.647
2024-06-11,2024,6,Tuesday,False,24,85,0.682,137.707,24.268,0.353,0.0,85,67.9,0.655
2024-06-12,2024,6,Wednesday,False,24,51,0.686,117.286,32.98,0.529,0.0,51,66.3,0.659
2024-06-13,2024,6,Thursday,False,24,54,0.741,110.15,29.2,0.593,0.0,54,61.1,0.658
2024-06-14,2024,6,Friday,False,24,93,0.527,106.265,25.705,0.613,0.0,93,63.3,0.647
2024-06-15,2024,6,Saturday,True,24,40,0.65,167.962,26.036,0.3,0.0,40,62.3,0.646
2024-06-16,2024,6,Sunday,True,24,73,0.767,149.554,15.033,0.575,0.0,73,65.6,0.67
2024-06-17,2024,6,Monday,False,25,53,0.755,80.6,26.714,0.547,0.0,53,64.1,0.687
2024-06-18,2024,6,Tuesday,False,25,81,0.58,95.277,19.915,0.58,0.0,81,63.6,0.672
2024-06-19,2024,6,Wednesday,False,25,51,0.667,74.529,22.959,0.471,0.0,51,63.6,0.67
2024-06-20,2024,6,Thursday,False,25,92,0.674,103.79,33.37,0.5,0.0,92,69.0,0.66
2024-06-21,2024,6,Friday,False,25,95,0.558,95.0,20.38,0.421,0.0,95,69.3,0.664
2024-06-22,2024,6,Saturday,True,25,36,0.639,127.435,40.727,0.556,0.0,36,68.7,0.663
2024-06-23,2024,6,Sunday,True,25,52,0.654,70.618,18.961,0.404,0.0,52,65.7,0.647
2024-06-24,2024,6,Monday,False,26,77,0.662,100.451,23.123,0.571,0.0,77,69.1,0.633
2024-06-25,2024,6,Tuesday,False,26,61,0.705,97.744,21.517,0.377,0.0,61,66.3,0.651
2024-06-26,2024,6,Wednesday,False,26,84,0.667,91.464,25.115,0.607,0.0,84,71.0,0.651
2024-06-27,2024,6,Thursday,False,26,62,0.484,99.267,24.034,0.694,0.0,62,66.7,0.624
2024-06-28,2024,6,Friday,False,26,58,0.603,85.371,26.927,0.569,0.0,58,61.4,0.631
2024-06-29,2024,6,Saturday,True,26,50,0.52,91.231,23.783,0.72,0.0,50,63.4,0.614
2024-06-30,2024,6,Sunday,True,26,85,0.576,108.122,28.198,0.447,0.0,85,68.1,0.602
2024-07-01,2024,7,Monday,False,27,86,0.698,101.45,22.805,0.442,0.0,86,69.4,0.608
2024-07-02,2024,7,Tuesday,False,27,77,0.584,71.378,17.417,0.532,0.0,77,71.7,0.59
2024-07-03,2024,7,Wednesday,False,27,75,0.667,75.84,18.397,0.533,0.0,75,70.4,0.59
2024-07-04,2024,7,Thursday,False,27,71,0.521,126.892,31.851,0.789,0.0,71,71.7,0.596
2024-07-05,2024,7,Friday,False,27,47,0.66,96.742,26.535,0.532,0.0,47,70.1,0.604
2024-07-06,2024,7,Saturday,True,27,91,0.648,89.458,20.333,0.33,0.0,91,76.0,0.622
2024-07-07,2024,7,Sunday,True,27,105,0.61,105.062,22.79,0.562,0.0,105,78.9,0.627
2024-07-08,2024,7,Monday,False,28,32,0.719,65.696,11.37,0.562,0.0,32,71.1,0.63
2024-07-09,2024,7,Tuesday,False,28,62,0.613,78.526,33.569,0.597,0.0,62,69.0,0.634
2024-07-10,2024,7,Wednesday,False,28,71,0.718,69.922,29.343,0.507,0.0,71,68.4,0.641
2024-07-11,2024,7,Thursday,False,28,33,0.758,73.84,29.0,0.636,0.0,33,63.0,0.675
2024-07-12,2024,7,Friday,False,28,66,0.652,72.791,26.492,0.545,0.0,66,65.7,0.674
2024-07-13,2024,7,Saturday,True,28,29,0.655,82.526,32.464,0.31,0.0,29,56.9,0.675
2024-07-14,2024,7,Sunday,True,28,43,0.512,82.227,19.143,0.465,0.0,43,48.0,0.661
2024-07-15,2024,7,Monday,False,29,71,0.634,74.289,17.031,0.423,0.0,71,53.6,0.649
2024-07-16,2024,7,Tuesday,False,29,58,0.69,81.825,15.615,0.362,0.0,58,53.0,0.66
2024-07-17,2024,7,Wednesday,False,29,69,0.551,55.026,28.044,0.507,0.0,69,52.7,0.636
2024-07-18,2024,7,Thursday,False,29,83,0.723,75.633,21.667,0.47,0.0,83,59.9,0.631
2024-07-19,2024,7,Friday,False,29,40,0.6,98.333,29.158,0.575,0.0,40,56.1,0.624
2024-07-20,2024,7,Saturday,True,29,30,0.733,81.318,12.276,0.833,0.0,30,56.3,0.635
2024-07-21,2024,7,Sunday,True,29,47,0.702,52.121,20.17,0.596,0.0,47,56.9,0.662
2024-07-22,2024,7,Monday,False,30,52,0.635,72.515,21.957,0.673,0.0,52,54.1,0.662
2024-07-23,2024,7,Tuesday,False,30,50,0.62,75.548,25.622,0.6,0.0,50,53.0,0.652
2024-07-24,2024,7,Wednesday,False,30,54,0.704,107.632,42.7,0.556,0.0,54,50.9,0.674
2024-07-25,2024,7,Thursday,False,30,65,0.615,68.55,28.279,0.677,0.0,65,48.3,0.658
2024-07-26,2024,7,Friday,False,30,53,0.509,84.37,25.137,0.547,0.0,53,50.1,0.645
2024-07-27,2024,7,Saturday,True,30,30,0.567,97.529,33.586,0.567,0.0,30,50.1,0.622
2024-07-28,2024,7,Sunday,True,30,78,0.679,106.943,26.581,0.59,0.0,78,54.6,0.618
2024-07-29,2024,7,Monday,False,31,83,0.675,87.804,25.247,0.747,0.0,83,59.0,0.624
2024-07-30,2024,7,Tuesday,False,31,60,0.767,104.565,18.84,0.433,0.0,60,60.4,0.645
2024-07-31,2024,7,Wednesday,False,31,60,0.8,89.083,23.188,0.517,0.0,60,61.3,0.659
2024-08-01,2024,8,Thursday,False,31,91,0.582,119.245,25.38,0.637,0.0,91,65.0,0.654
2024-08-02,2024,8,Friday,False,31,85,0.729,169.016,19.493,0.376,0.0,85,69.6,0.686
2024-08-03,2024,8,Saturday,True,31,66,0.727,72.062,27.683,0.485,0.0,66,74.7,0.708
2024-08-04,2024,8,Sunday,True,31,36,0.583,84.19,20.886,0.556,0.0,36,68.7,0.695
2024-08-05,2024,8,Monday,False,32,44,0.705,73.065,19.868,0.409,0.0,44,63.1,0.699
2024-08-06,2024,8,Tuesday,False,32,77,0.714,120.291,23.299,0.481,0.0,77,65.6,0.691
2024-08-07,2024,8,Wednesday,False,32,58,0.69,64.65,35.154,0.5,0.0,58,65.3,0.676
2024-08-08,2024,8,Thursday,False,32,44,0.75,94.909,30.658,0.477,0.0,44,58.6,0.7
2024-08-09,2024,8,Friday,False,32,52,0.692,123.028,25.542,0.423,0.0,52,53.9,0.694
2024-08-10,2024,8,Saturday,True,32,40,0.625,95.24,30.71,0.7,0.0,40,50.1,0.68
2024-08-11,2024,8,Sunday,True,32,60,0.617,72.378,21.982,0.617,0.0,60,53.6,0.685
2024-08-12,2024,8,Monday,False,33,84,0.583,85.347,41.138,0.464,0.0,84,59.3,0.667
2024-08-13,2024,8,Tuesday,False,33,71,0.662,105.085,28.303,0.465,0.0,71,58.4,0.66
2024-08-14,2024,8,Wednesday,False,33,52,0.635,142.515,36.826,0.75,0.0,52,57.6,0.652
2024-08-15,2024,8,Thursday,False,33,37,0.811,69.667,32.375,0.486,0.0,37,56.6,0.661
2024-08-16,2024,8,Friday,False,33,36,0.583,129.857,28.862,0.806,0.0,36,54.3,0.645
2024-08-17,2024,8,Saturday,True,33,47,0.617,64.655,27.711,0.617,0.0,47,55.3,0.644
2024-08-18,2024,8,Sunday,True,33,32,0.656,61.762,12.967,0.656,0.0,32,51.3,0.65
2024-08-19,2024,8,Monday,False,34,36,0.75,83.407,19.528,0.444,0.0,36,44.4,0.673
2024-08-20,2024,8,Tuesday,False,34,59,0.695,91.171,23.091,0.661,0.0,59,42.7,0.678
2024-08-21,2024,8,Wednesday,False,34,37,0.676,88.64,26.118,0.595,0.0,37,40.6,0.684
2024-08-22,2024,8,Thursday,False,34,38,0.579,68.545,34.0,0.474,0.0,38,40.7,0.651
2024-08-23,2024,8,Friday,False,34,58,0.603,100.743,30.232,0.5,0.0,58,43.9,0.654
2024-08-24,2024,8,Saturday,True,34,111,0.676,102.88,30.495,0.55,0.0,111,53.0,0.662
2024-08-25,2024,8,Sunday,True,34,88,0.636,96.661,34.595,0.455,0.0,88,61.0,0.659
2024-08-26,2024,8,Monday,False,35,55,0.527,64.345,25.137,0.491,0.0,55,63.7,0.627
2024-08-27,2024,8,Tuesday,False,35,64,0.672,74.326,33.534,0.594,0.0,64,64.4,0.624
2024-08-28,2024,8,Wednesday,False,35,47,0.553,70.077,33.548,0.617,0.0,47,65.9,0.607
2024-08-29,2024,8,Thursday,False,35,61,0.492,79.333,30.281,0.738,0.0,61,69.1,0.594
2024-08-30,2024,8,Friday,False,35,34,0.647,58.091,34.091,0.588,0.0,34,65.7,0.6
2024-08-31,2024,8,Saturday,True,35,57,0.649,54.703,29.538,0.263,0.0,57,58.0,0.597
2024-09-01,2024,9,Sunday,True,35,49,0.551,120.519,33.571,0.714,0.0,49,52.4,0.584
2024-09-02,2024,9,Monday,False,36,51,0.588,49.833,27.298,0.608,0.0,51,51.9,0.593
2024-09-03,2024,9,Tuesday,False,36,69,0.609,81.762,27.552,0.638,0.0,69,52.6,0.584
2024-09-04,2024,9,Wednesday,False,36,67,0.582,74.179,30.062,0.627,0.0,67,55.4,0.588
2024-09-05,2024,9,Thursday,False,36,63,0.587,93.892,42.082,0.619,0.0,63,55.7,0.602
2024-09-06,2024,9,Friday,False,36,48,0.542,68.231,24.814,0.583,0.0,48,57.7,0.587
2024-09-07,2024,9,Saturday,True,36,31,0.613,95.632,24.857,0.581,0.0,31,54.0,0.582
2024-09-08,2024,9,Sunday,True,36,111,0.676,93.2,31.073,0.396,0.0,111,62.9,0.6
2024-09-09,2024,9,Monday,False,37,43,0.628,95.778,29.381,0.698,0.0,43,61.7,0.605
2024-09-10,2024,9,Tuesday,False,37,41,0.61,76.32,36.703,0.659,0.0,41,57.7,0.605
2024-09-11,2024,9,Wednesday,False,37,66,0.576,75.132,23.677,0.697,0.0,66,57.6,0.605
2024-09-12,2024,9,Thursday,False,37,46,0.587,111.963,26.705,0.565,0.0,46,55.1,0.605
2024-09-13,2024,9,Friday,False,37,37,0.649,77.083,29.2,0.649,0.0,37,53.6,0.62
2024-09-14,2024,9,Saturday,True,37,45,0.422,93.316,25.045,0.667,0.0,45,55.6,0.593
2024-09-15,2024,9,Sunday,True,37,38,0.789,99.567,31.0,0.579,0.0,38,45.1,0.609
2024-09-16,2024,9,Monday,False,38,53,0.472,80.24,39.269,0.623,0.0,53,46.6,0.586
2024-09-17,2024,9,Tuesday,False,38,45,0.733,49.788,24.103,0.556,0.0,45,47.1,0.604
2024-09-18,2024,9,Wednesday,False,38,35,0.629,64.227,33.219,0.6,0.0,35,42.7,0.612
2024-09-19,2024,9,Thursday,False,38,49,0.49,86.167,28.447,0.551,0.0,49,43.1,0.598
2024-09-20,2024,9,Friday,False,38,38,0.684,86.0,31.919,0.474,0.0,38,43.3,0.603
2024-09-21,2024,9,Saturday,True,38,50,0.6,50.533,28.814,0.66,0.0,50,44.0,0.628
2024-09-22,2024,9,Sunday,True,38,46,0.63,63.483,40.524,0.609,0.0,46,45.1,0.605
2024-09-23,2024,9,Monday,False,39,44,0.636,47.107,42.206,0.727,0.0,44,43.9,0.629
2024-09-24,2024,9,Tuesday,False,39,47,0.532,63.96,29.605,0.532,0.0,47,44.1,0.6
2024-09-25,2024,9,Wednesday,False,39,66,0.53,91.886,36.133,0.652,0.0,66,48.6,0.586
2024-09-26,2024,9,Thursday,False,39,54,0.759,58.293,33.918,0.63,0.0,54,49.3,0.624
2024-09-27,2024,9,Friday,False,39,60,0.5,68.433,39.614,0.633,0.0,60,52.4,0.598
2024-09-28,2024,9,Saturday,True,39,30,0.433,66.077,29.633,0.467,0.0,30,49.6,0.574
2024-09-29,2024,9,Sunday,True,39,52,0.404,58.143,29.962,0.673,0.0,52,50.4,0.542
2024-09-30,2024,9,Monday,False,40,46,0.565,95.654,25.511,0.63,0.0,46,50.7,0.532
2024-10-01,2024,10,Tuesday,False,40,42,0.619,72.962,35.425,0.452,0.0,42,50.0,0.544
2024-10-02,2024,10,Wednesday,False,40,32,0.594,57.316,61.8,0.688,0.0,32,45.1,0.553
2024-10-03,2024,10,Thursday,False,40,44,0.795,98.0,31.268,0.5,0.0,44,43.7,0.559
2024-10-04,2024,10,Friday,False,40,27,0.63,86.294,62.792,0.741,0.0,27,39.0,0.577
2024-10-05,2024,10,Saturday,True,40,40,0.6,102.25,36.667,0.775,0.0,40,40.4,0.601
2024-10-06,2024,10,Sunday,True,40,54,0.611,75.091,25.939,0.537,0.0,54,40.7,0.631
2024-10-07,2024,10,Monday,False,41,59,0.61,75.944,30.31,0.458,0.0,59,42.6,0.637
2024-10-08,2024,10,Tuesday,False,41,41,0.585,77.25,37.075,0.561,0.0,41,42.4,0.632
2024-10-09,2024,10,Wednesday,False,41,53,0.679,82.667,26.865,0.547,0.0,53,45.4,0.644
2024-10-10,2024,10,Thursday,False,41,50,0.5,103.6,29.83,0.6,0.0,50,46.3,0.602
2024-10-11,2024,10,Friday,False,41,37,0.595,80.0,38.03,0.514,0.0,37,47.7,0.597
2024-10-12,2024,10,Saturday,True,41,37,0.568,65.19,22.861,0.541,0.0,37,47.3,0.593
2024-10-13,2024,10,Sunday,True,41,32,0.5,65.062,36.484,0.594,0.0,32,44.1,0.577
2024-10-14,2024,10,Monday,False,42,56,0.571,101.406,36.574,0.554,0.0,56,43.7,0.571
2024-10-15,2024,10,Tuesday,False,42,30,0.8,79.5,21.3,0.533,0.0,30,42.1,0.602
2024-10-16,2024,10,Wednesday,False,42,62,0.548,49.824,16.79,0.419,0.0,62,43.4,0.583
2024-10-17,2024,10,Thursday,False,42,44,0.636,55.75,23.636,0.318,0.0,44,42.6,0.603
2024-10-18,2024,10,Friday,False,42,42,0.571,74.708,33.619,0.548,0.0,42,43.3,0.599
2024-10-19,2024,10,Saturday,True,42,32,0.438,43.357,30.097,0.406,0.031,32,42.6,0.581
2024-10-20,2024,10,Sunday,True,42,47,0.574,94.259,25.022,0.617,0.0,47,44.7,0.591
2024-10-21,2024,10,Monday,False,43,62,0.629,80.949,31.328,0.484,0.0,62,45.6,0.599
2024-10-22,2024,10,Tuesday,False,43,50,0.58,77.103,26.646,0.68,0.0,50,48.4,0.568
2024-10-23,2024,10,Wednesday,False,43,99,0.626,63.194,26.278,0.525,0.0,99,53.7,0.579
2024-10-24,2024,10,Thursday,False,43,22,0.682,74.4,35.25,0.636,0.0,22,50.6,0.586
2024-10-25,2024,10,Friday,False,43,42,0.476,95.0,39.0,0.738,0.0,42,50.6,0.572
2024-10-26,2024,10,Saturday,True,43,43,0.512,89.682,28.108,0.674,0.0,43,52.1,0.583
2024-10-27,2024,10,Sunday,True,43,59,0.695,78.585,21.966,0.644,0.0,59,53.9,0.6
2024-10-28,2024,10,Monday,False,44,29,0.724,54.857,21.429,0.655,0.0,29,49.1,0.614
2024-10-29,2024,10,Tuesday,False,44,59,0.576,88.324,19.586,0.593,0.0,59,50.4,0.613
2024-10-30,2024,10,Wednesday,False,44,35,0.629,57.773,36.394,0.429,0.0,35,41.3,0.613
2024-10-31,2024,10,Thursday,False,44,49,0.551,84.667,44.633,0.633,0.0,49,45.1,0.595
2024-11-01,2024,11,Friday,False,44,46,0.609,81.321,32.558,0.457,0.0,46,45.7,0.614
2024-11-02,2024,11,Saturday,True,44,26,0.731,45.947,10.375,0.346,0.0,26,43.3,0.645
2024-11-03,2024,11,Sunday,True,44,22,0.682,87.867,35.9,0.727,0.0,22,38.0,0.643
2024-11-04,2024,11,Monday,False,45,37,0.595,61.864,34.324,0.649,0.0,37,39.1,0.625
2024-11-05,2024,11,Tuesday,False,45,60,0.533,45.625,29.667,0.633,0.0,60,39.3,0.619
2024-11-06,2024,11,Wednesday,False,45,48,0.604,81.862,32.936,0.438,0.0,48,41.1,0.615
2024-11-07,2024,11,Thursday,False,45,28,0.643,63.167,28.778,0.679,0.0,28,38.1,0.628
2024-11-08,2024,11,Friday,False,45,20,0.65,97.615,40.5,0.5,0.0,20,34.4,0.634
2024-11-09,2024,11,Saturday,True,45,28,0.75,75.19,37.208,0.679,0.0,28,34.7,0.637
2024-11-10,2024,11,Sunday,True,45,53,0.698,84.054,36.706,0.774,0.0,53,39.1,0.639
2024-11-11,2024,11,Monday,False,46,28,0.429,78.5,24.08,0.5,0.0,28,37.9,0.615
2024-11-12,2024,11,Tuesday,False,46,33,0.667,66.955,30.613,0.697,0.0,33,34.0,0.634
2024-11-13,2024,11,Wednesday,False,46,59,0.712,75.167,21.673,0.508,0.0,59,35.6,0.65
2024-11-14,2024,11,Thursday,False,46,37,0.622,56.087,31.75,0.622,0.0,37,36.9,0.647
2024-11-15,2024,11,Friday,False,46,29,0.586,81.235,29.759,0.586,0.0,29,38.1,0.638
2024-11-16,2024,11,Saturday,True,46,60,0.6,74.083,29.527,0.6,0.0,60,42.7,0.616
2024-11-17,2024,11,Sunday,True,46,45,0.4,60.889,30.089,0.711,0.0,45,41.6,0.574
2024-11-18,2024,11,Monday,False,47,47,0.681,44.156,15.556,0.723,0.0,47,44.3,0.61
2024-11-19,2024,11,Tuesday,False,47,44,0.682,83.867,27.273,0.705,0.0,44,45.9,0.612
2024-11-20,2024,11,Wednesday,False,47,43,0.791,47.5,23.372,0.465,0.0,43,43.6,0.623
2024-11-21,2024,11,Thursday,False,47,30,0.7,53.0,20.586,0.8,0.0,30,42.6,0.634
2024-11-22,2024,11,Friday,False,47,47,0.638,55.2,24.302,0.34,0.0,47,45.1,0.642
2024-11-23,2024,11,Saturday,True,47,60,0.583,78.771,36.417,0.6,0.0,60,45.1,0.639
2024-11-24,2024,11,Sunday,True,47,35,0.571,43.35,14.429,0.657,0.0,35,43.7,0.664
2024-11-25,2024,11,Monday,False,48,46,0.696,58.312,32.409,0.652,0.0,46,43.6,0.666
2024-11-26,2024,11,Tuesday,False,48,46,0.761,43.257,25.432,0.609,0.0,46,43.9,0.677
2024-11-27,2024,11,Wednesday,False,48,52,0.635,53.03,25.271,0.654,0.0,52,45.1,0.655
2024-11-28,2024,11,Thursday,False,48,29,0.517,41.733,26.034,0.552,0.0,29,45.0,0.629
2024-11-29,2024,11,Friday,False,48,24,0.708,49.765,21.682,0.542,0.0,24,41.7,0.639
2024-11-30,2024,11,Saturday,True,48,50,0.5,84.24,34.08,0.62,0.0,50,40.3,0.627
2024-12-01,2024,12,Sunday,True,48,52,0.5,51.538,31.857,0.558,0.0,52,42.7,0.617
2024-12-02,2024,12,Monday,False,49,35,0.457,70.312,28.486,0.457,0.0,35,41.1,0.583
2024-12-03,2024,12,Tuesday,False,49,74,0.568,62.476,21.603,0.743,0.0,74,45.1,0.555
2024-12-04,2024,12,Wednesday,False,49,80,0.575,64.5,30.012,0.488,0.0,80,49.1,0.546
2024-12-05,2024,12,Thursday,False,49,35,0.657,83.261,30.364,0.543,0.0,35,50.0,0.566
2024-12-06,2024,12,Friday,False,49,29,0.69,65.55,23.304,0.552,0.0,29,50.7,0.564
2024-12-07,2024,12,Saturday,True,49,31,0.452,43.714,22.767,0.194,0.0,31,48.0,0.557
2024-12-08,2024,12,Sunday,True,49,45,0.511,103.304,28.022,0.644,0.0,45,47.0,0.559
2024-12-09,2024,12,Monday,False,50,27,0.519,91.929,33.2,0.444,0.0,27,45.9,0.567
2024-12-10,2024,12,Tuesday,False,50,29,0.621,79.167,23.241,0.414,0.0,29,39.4,0.575
2024-12-11,2024,12,Wednesday,False,50,57,0.509,53.483,24.963,0.509,0.0,57,36.1,0.566
2024-12-12,2024,12,Thursday,False,50,85,0.659,60.054,25.795,0.447,0.0,85,43.3,0.566
2024-12-13,2024,12,Friday,False,50,38,0.579,61.227,22.162,0.368,0.0,38,44.6,0.55
2024-12-14,2024,12,Saturday,True,50,59,0.678,49.75,27.211,0.458,0.0,59,48.6,0.582
2024-12-15,2024,12,Sunday,True,50,33,0.394,70.462,36.172,0.455,0.0,33,46.9,0.566
2024-12-16,2024,12,Monday,False,51,51,0.569,44.172,22.766,0.569,0.0,51,50.3,0.573
2024-12-17,2024,12,Tuesday,False,51,68,0.618,75.071,26.641,0.456,0.0,68,55.9,0.572
2024-12-18,2024,12,Wednesday,False,51,66,0.591,79.308,30.091,0.485,0.0,66,57.1,0.584
2024-12-19,2024,12,Thursday,False,51,53,0.509,78.815,33.423,0.491,0.0,53,52.6,0.563
2024-12-20,2024,12,Friday,False,51,51,0.49,46.64,32.447,0.765,0.0,51,54.4,0.55
2024-12-21,2024,12,Saturday,True,51,71,0.62,43.432,23.284,0.718,0.0,71,56.1,0.542
2024-12-22,2024,12,Sunday,True,51,54,0.593,57.25,32.647,0.537,0.0,54,59.1,0.57
2024-12-23,2024,12,Monday,False,52,22,0.591,58.923,27.571,0.182,0.0,22,55.0,0.573
2024-12-24,2024,12,Tuesday,False,52,32,0.531,44.235,25.312,0.719,0.0,32,49.9,0.561
2024-12-25,2024,12,Wednesday,False,52,25,0.72,56.167,16.88,0.44,0.0,25,44.0,0.579
2024-12-26,2024,12,Thursday,False,52,14,0.857,87.417,30.769,0.786,0.0,14,38.4,0.629
2024-12-27,2024,12,Friday,False,52,44,0.659,49.448,25.951,0.659,0.0,44,37.4,0.653
2024-12-28,2024,12,Saturday,True,52,22,0.727,91.188,39.588,0.227,0.0,22,30.4,0.668
2024-12-29,2024,12,Sunday,True,52,37,0.568,72.0,32.324,0.459,0.0,37,28.0,0.665
2024-12-30,2024,12,Monday,False,1,29,0.655,49.421,21.517,0.552,0.0,29,29.0,0.674
2024-12-31,2024,12,Tuesday,False,1,21,0.667,55.786,19.053,0.524,0.0,21,27.4,0.693
2025-01-01,2025,1,Wednesday,False,1,27,0.63,93.059,22.4,0.185,0.0,27,27.7,0.68
2025-01-02,2025,1,Thursday,False,1,63,0.762,76.062,15.797,0.651,0.0,63,34.7,0.667
2025-01-03,2025,1,Friday,False,1,43,0.628,51.296,23.65,0.419,0.0,43,34.6,0.662
2025-01-04,2025,1,Saturday,True,1,41,0.683,58.821,19.641,0.537,0.0,41,37.3,0.656
2025-01-05,2025,1,Sunday,True,1,43,0.558,30.75,18.825,0.442,0.0,43,38.1,0.655
2025-01-06,2025,1,Monday,False,2,41,0.732,35.867,15.324,0.561,0.0,41,39.9,0.666
2025-01-07,2025,1,Tuesday,False,2,53,0.509,59.815,23.725,0.868,0.0,53,44.4,0.643
2025-01-08,2025,1,Wednesday,False,2,39,0.385,48.533,20.73,0.462,0.0,39,46.1,0.608
2025-01-09,2025,1,Thursday,False,2,49,0.714,53.4,16.104,0.408,0.0,49,44.1,0.601
2025-01-10,2025,1,Friday,False,2,45,0.533,44.458,20.0,0.556,0.0,45,44.4,0.588
2025-01-11,2025,1,Saturday,True,2,33,0.727,51.042,30.828,0.606,0.0,33,43.3,0.594
2025-01-12,2025,1,Sunday,True,2,32,0.688,43.909,25.419,0.438,0.0,32,41.7,0.613
2025-01-13,2025,1,Monday,False,3,34,0.618,47.286,18.3,0.441,0.0,34,40.7,0.596
2025-01-14,2025,1,Tuesday,False,3,57,0.544,44.516,19.421,0.491,0.0,57,41.3,0.601
2025-01-15,2025,1,Wednesday,False,3,39,0.692,83.259,22.432,0.513,0.0,39,41.3,0.645
2025-01-16,2025,1,Thursday,False,3,43,0.558,33.167,22.209,0.651,0.0,43,40.4,0.623
2025-01-17,2025,1,Friday,False,3,41,0.585,71.333,11.78,0.707,0.0,41,39.9,0.63
2025-01-18,2025,1,Saturday,True,3,30,0.5,78.8,22.464,0.567,0.0,30,39.4,0.598
2025-01-19,2025,1,Sunday,True,3,31,0.774,23.667,19.033,0.516,0.0,31,39.3,0.61
2025-01-20,2025,1,Monday,False,4,22,0.682,73.6,31.25,0.545,0.0,22,37.6,0.619
2025-01-21,2025,1,Tuesday,False,4,51,0.569,91.828,24.735,0.686,0.0,51,36.7,0.623
2025-01-22,2025,1,Wednesday,False,4,34,0.471,33.438,29.794,0.471,0.0,34,36.0,0.591
2025-01-23,2025,1,Thursday,False,4,41,0.512,42.333,20.308,0.415,0.0,41,35.7,0.585
2025-01-24,2025,1,Friday,False,4,54,0.593,49.812,25.113,0.444,0.0,54,37.6,0.586
2025-01-25,2025,1,Saturday,True,4,43,0.744,45.406,24.122,0.465,0.0,43,39.4,0.621
2025-01-26,2025,1,Sunday,True,4,72,0.611,35.977,13.778,0.736,0.0,72,45.3,0.597
2025-01-27,2025,1,Monday,False,5,73,0.521,67.395,19.155,0.726,0.0,73,52.6,0.574
2025-01-28,2025,1,Tuesday,False,5,72,0.486,50.429,16.643,0.819,0.0,72,55.6,0.563
2025-01-29,2025,1,Wednesday,False,5,50,0.6,48.667,29.0,0.44,0.0,50,57.9,0.581
2025-01-30,2025,1,Thursday,False,5,81,0.593,56.438,23.5,0.556,0.0,81,63.6,0.593
2025-01-31,2025,1,Friday,False,5,61,0.574,55.143,25.466,0.426,0.0,61,64.6,0.59
2025-02-01,2025,2,Saturday,True,5,65,0.462,47.8,19.905,0.754,0.0,65,67.7,0.55
2025-02-02,2025,2,Sunday,True,5,56,0.696,45.359,38.173,0.607,0.0,56,65.4,0.562
2025-02-03,2025,2,Monday,False,6,71,0.563,43.25,24.671,0.535,0.0,71,65.1,0.568
2025-02-04,2025,2,Tuesday,False,6,74,0.703,31.519,20.971,0.622,0.0,74,65.4,0.599
2025-02-05,2025,2,Wednesday,False,6,63,0.635,40.675,18.441,0.508,0.0,63,67.3,0.604
2025-02-06,2025,2,Thursday,False,6,82,0.549,36.089,13.051,0.634,0.0,82,67.4,0.597
2025-02-07,2025,2,Friday,False,6,51,0.49,47.48,17.694,0.725,0.0,51,66.0,0.585
2025-02-08,2025,2,Saturday,True,6,30,0.567,61.235,18.724,0.533,0.0,30,61.0,0.6
2025-02-09,2025,2,Sunday,True,6,85,0.635,31.389,20.45,0.741,0.0,85,65.1,0.592
2025-02-10,2025,2,Monday,False,7,53,0.66,37.257,16.592,0.415,0.0,53,62.6,0.606
2025-02-11,2025,2,Tuesday,False,7,46,0.696,68.188,20.727,0.478,0.0,46,58.6,0.605
2025-02-12,2025,2,Wednesday,False,7,49,0.531,53.962,19.745,0.408,0.0,49,56.6,0.59
2025-02-13,2025,2,Thursday,False,7,73,0.575,49.881,22.971,0.699,0.0,73,55.3,0.593
2025-02-14,2025,2,Friday,False,7,61,0.557,54.853,19.541,0.754,0.0,61,56.7,0.603
2025-02-15,2025,2,Saturday,True,7,71,0.563,46.975,21.529,0.732,0.0,71,62.6,0.602
2025-02-16,2025,2,Sunday,True,7,55,0.545,42.7,16.075,0.582,0.0,55,58.3,0.59
2025-02-17,2025,2,Monday,False,8,71,0.535,52.947,17.986,0.408,0.0,71,60.9,0.572
2025-02-18,2025,2,Tuesday,False,8,97,0.515,38.96,12.811,0.454,0.0,97,68.1,0.546
2025-02-19,2025,2,Wednesday,False,8,27,0.407,25.727,26.0,0.556,0.0,27,65.0,0.528
2025-02-20,2025,2,Thursday,False,8,76,0.605,42.63,16.575,0.684,0.0,76,65.4,0.532
2025-02-21,2025,2,Friday,False,8,42,0.524,31.318,19.585,0.643,0.0,42,62.7,0.528
2025-02-22,2025,2,Saturday,True,8,60,0.467,43.393,26.967,0.467,0.0,60,61.1,0.514
2025-02-23,2025,2,Sunday,True,8,111,0.568,46.429,18.065,0.802,0.0,111,69.1,0.517
2025-02-24,2025,2,Monday,False,9,58,0.448,22.462,21.579,0.552,0.0,58,67.3,0.505
2025-02-25,2025,2,Tuesday,False,9,55,0.582,35.438,18.673,0.327,0.0,55,61.3,0.514
2025-02-26,2025,2,Wednesday,False,9,43,0.605,25.808,15.581,0.698,0.0,43,63.6,0.543
2025-02-27,2025,2,Thursday,False,9,53,0.66,51.429,20.077,0.528,0.0,53,60.3,0.551
2025-02-28,2025,2,Friday,False,9,68,0.544,41.432,16.879,0.735,0.0,68,64.0,0.553
2025-03-01,2025,3,Saturday,True,9,77,0.584,70.6,19.779,0.701,0.0,77,66.4,0.57
2025-03-02,2025,3,Sunday,True,9,72,0.431,59.226,12.479,0.764,0.0,72,60.9,0.551
2025-03-03,2025,3,Monday,False,10,84,0.619,39.173,17.467,0.512,0.0,84,64.6,0.575
2025-03-04,2025,3,Tuesday,False,10,76,0.526,45.375,18.521,0.539,0.0,76,67.6,0.567
2025-03-05,2025,3,Wednesday,False,10,58,0.5,41.414,17.07,0.741,0.0,58,69.7,0.552
2025-03-06,2025,3,Thursday,False,10,48,0.583,48.429,23.457,0.438,0.0,48,69.0,0.541
2025-03-07,2025,3,Friday,False,10,64,0.531,45.176,28.365,0.656,0.0,64,68.4,0.539
2025-03-08,2025,3,Saturday,True,10,46,0.5,40.696,15.86,0.609,0.0,46,64.0,0.527
2025-03-09,2025,3,Sunday,True,10,42,0.452,64.053,15.05,0.833,0.0,42,59.7,0.53
2025-03-10,2025,3,Monday,False,11,55,0.455,58.12,20.333,0.491,0.0,55,55.6,0.507
2025-03-11,2025,3,Tuesday,False,11,51,0.51,33.077,27.958,0.647,0.0,51,52.0,0.504
2025-03-12,2025,3,Wednesday,False,11,52,0.462,74.167,18.98,0.615,0.0,52,51.1,0.499
2025-03-13,2025,3,Thursday,False,11,63,0.571,37.056,25.879,0.746,0.0,63,53.3,0.497
2025-03-14,2025,3,Friday,False,11,26,0.731,35.737,16.625,0.769,0.0,26,47.9,0.526
2025-03-15,2025,3,Saturday,True,11,53,0.302,48.062,43.981,0.811,0.0,53,48.9,0.498
2025-03-16,2025,3,Sunday,True,11,71,0.577,47.488,21.286,0.746,0.0,71,53.0,0.515
2025-03-17,2025,3,Monday,False,12,56,0.589,56.545,19.5,0.679,0.0,56,53.1,0.535
2025-03-18,2025,3,Tuesday,False,12,71,0.521,55.297,24.515,0.831,0.0,71,56.0,0.536
2025-03-19,2025,3,Wednesday,False,12,63,0.571,39.278,16.789,0.778,0.0,63,57.6,0.552
2025-03-20,2025,3,Thursday,False,12,101,0.614,59.565,18.0,0.505,0.0,101,63.0,0.558
2025-03-21,2025,3,Friday,False,12,85,0.388,62.364,25.098,0.435,0.0,85,71.4,0.509
2025-03-22,2025,3,Saturday,True,12,106,0.453,33.812,16.705,0.755,0.0,106,79.0,0.53
2025-03-23,2025,3,Sunday,True,12,67,0.522,40.543,15.5,0.582,0.0,67,78.4,0.523
2025-03-24,2025,3,Monday,False,13,82,0.646,47.811,12.775,0.671,0.0,82,82.1,0.531
2025-03-25,2025,3,Tuesday,False,13,107,0.551,38.881,16.523,0.449,0.0,107,87.3,0.535
2025-03-26,2025,3,Wednesday,False,13,102,0.441,42.689,19.99,0.539,0.0,102,92.9,0.516
2025-03-27,2025,3,Thursday,False,13,55,0.473,43.269,23.038,0.818,0.0,55,86.3,0.496
2025-03-28,2025,3,Friday,False,13,60,0.417,53.12,25.583,0.733,0.0,60,82.7,0.5
2025-03-29,2025,3,Saturday,True,13,56,0.464,40.538,25.577,0.643,0.0,56,75.6,0.502
2025-03-30,2025,3,Sunday,True,13,71,0.465,51.364,23.029,0.718,0.014,71,76.1,0.494
2025-03-31,2025,3,Monday,False,14,69,0.449,46.323,28.047,0.464,0.0,69,74.3,0.466
2025-04-01,2025,4,Tuesday,False,14,52,0.462,37.833,21.846,0.731,0.0,52,66.4,0.453
2025-04-02,2025,4,Wednesday,False,14,86,0.395,40.735,24.788,0.733,0.0,86,64.1,0.446
2025-04-03,2025,4,Thursday,False,14,44,0.364,32.812,21.182,0.705,0.0,44,62.6,0.431
2025-04-04,2025,4,Friday,False,14,64,0.422,40.111,24.556,0.719,0.0,64,63.1,0.432
2025-04-05,2025,4,Saturday,True,14,35,0.543,50.158,23.647,0.629,0.0,35,60.1,0.443
2025-04-06,2025,4,Sunday,True,14,58,0.534,42.452,22.0,0.517,0.0,58,58.3,0.453
2025-04-07,2025,4,Monday,False,15,47,0.511,36.25,19.0,0.553,0.0,47,55.1,0.462
2025-04-08,2025,4,Tuesday,False,15,48,0.542,32.808,19.13,0.438,0.021,48,54.6,0.473
2025-04-09,2025,4,Wednesday,False,15,40,0.575,42.13,23.897,0.625,0.0,40,48.0,0.499
2025-04-10,2025,4,Thursday,False,15,57,0.456,34.423,28.855,0.684,0.0,57,49.9,0.512
2025-04-11,2025,4,Friday,False,15,64,0.531,48.147,24.286,0.469,0.0,64,49.9,0.527
2025-04-12,2025,4,Saturday,True,15,95,0.432,55.829,26.634,0.821,0.0,95,58.4,0.512
2025-04-13,2025,4,Sunday,True,15,93,0.452,48.976,20.451,0.914,0.0,93,63.4,0.5
2025-04-14,2025,4,Monday,False,16,59,0.492,66.517,28.865,0.576,0.0,59,65.1,0.497
2025-04-15,2025,4,Tuesday,False,16,23,0.522,29.75,32.318,0.565,0.0,23,61.6,0.494
2025-04-16,2025,4,Wednesday,False,16,50,0.46,41.043,25.739,0.56,0.0,50,63.0,0.478
2025-04-17,2025,4,Thursday,False,16,46,0.413,38.842,24.109,0.652,0.0,46,61.4,0.472
2025-04-18,2025,4,Friday,False,16,51,0.51,44.077,21.82,0.745,0.0,51,59.6,0.469
2025-04-19,2025,4,Saturday,True,16,34,0.471,43.375,24.061,0.412,0.0,34,50.9,0.474
2025-04-20,2025,4,Sunday,True,16,55,0.618,35.765,22.115,0.727,0.0,55,45.4,0.498
2025-04-21,2025,4,Monday,False,17,40,0.475,51.579,22.256,0.375,0.0,40,42.7,0.496
2025-04-22,2025,4,Tuesday,False,17,36,0.472,48.882,17.706,0.417,0.0,36,44.6,0.488
2025-04-23,2025,4,Wednesday,False,17,39,0.59,51.217,21.205,0.718,0.0,39,43.0,0.507
2025-04-24,2025,4,Thursday,False,17,54,0.444,39.917,23.778,0.463,0.0,54,44.1,0.511
2025-04-25,2025,4,Friday,False,17,57,0.439,51.8,27.368,0.596,0.0,57,45.0,0.501
2025-04-26,2025,4,Saturday,True,17,85,0.624,43.679,19.882,0.859,0.0,85,52.3,0.523
2025-04-27,2025,4,Sunday,True,17,77,0.442,44.118,20.44,0.805,0.0,77,55.4,0.498
2025-04-28,2025,4,Monday,False,18,43,0.581,45.0,32.725,0.488,0.0,43,55.9,0.513
2025-04-29,2025,4,Tuesday,False,18,51,0.549,48.321,28.362,0.588,0.0,51,58.0,0.524
2025-04-30,2025,4,Wednesday,False,18,49,0.531,41.923,33.75,0.531,0.0,49,59.4,0.516
2025-05-01,2025,5,Thursday,False,18,43,0.442,53.947,40.286,0.465,0.0,43,57.9,0.515
2025-05-02,2025,5,Friday,False,18,49,0.408,60.65,31.938,0.49,0.0,49,56.7,0.511
2025-05-03,2025,5,Saturday,True,18,64,0.453,42.828,23.951,0.422,0.0,64,53.7,0.487
2025-05-04,2025,5,Sunday,True,18,39,0.564,40.909,18.378,0.564,0.0,39,48.3,0.504
2025-05-05,2025,5,Monday,False,19,49,0.531,33.654,26.833,0.673,0.0,49,49.1,0.497
2025-05-06,2025,5,Tuesday,False,19,55,0.509,44.571,27.463,0.764,0.0,55,49.7,0.491
2025-05-07,2025,5,Wednesday,False,19,49,0.367,23.944,19.0,0.49,0.0,49,49.7,0.468
2025-05-08,2025,5,Thursday,False,19,59,0.492,49.379,24.702,0.661,0.0,59,52.0,0.475
2025-05-09,2025,5,Friday,False,19,57,0.368,64.714,40.358,0.807,0.0,57,53.1,0.469
2025-05-10,2025,5,Saturday,True,19,65,0.523,53.441,35.484,0.846,0.0,65,53.3,0.479
2025-05-11,2025,5,Sunday,True,19,79,0.392,48.452,22.554,0.646,0.0,79,59.0,0.455
2025-05-12,2025,5,Monday,False,20,84,0.464,33.0,21.963,0.56,0.0,84,64.0,0.445
2025-05-13,2025,5,Tuesday,False,20,58,0.448,28.962,27.679,0.724,0.0,58,64.4,0.436
2025-05-14,2025,5,Wednesday,False,20,61,0.361,43.5,28.351,0.656,0.0,61,66.1,0.435
2025-05-15,2025,5,Thursday,False,20,53,0.434,43.087,28.72,0.585,0.0,53,65.3,0.427
2025-05-16,2025,5,Friday,False,20,60,0.417,35.2,20.448,0.733,0.0,60,65.7,0.434
2025-05-17,2025,5,Saturday,True,20,65,0.431,36.393,28.984,0.508,0.0,65,65.7,0.421
2025-05-18,2025,5,Sunday,True,20,98,0.327,48.062,30.406,0.724,0.0,98,68.4,0.412
2025-05-19,2025,5,Monday,False,21,63,0.587,28.486,20.131,0.619,0.0,63,65.4,0.429
2025-05-20,2025,5,Tuesday,False,21,81,0.444,34.75,27.782,0.728,0.0,81,68.7,0.429
2025-05-21,2025,5,Wednesday,False,21,60,0.583,42.424,23.527,0.65,0.0,60,68.6,0.46
2025-05-22,2025,5,Thursday,False,21,58,0.414,33.125,33.143,0.621,0.0,58,69.3,0.458
2025-05-23,2025,5,Friday,False,21,38,0.474,43.556,26.889,0.579,0.0,38,66.1,0.466
2025-05-24,2025,5,Saturday,True,21,63,0.302,31.0,26.016,0.683,0.0,63,65.9,0.447
2025-05-25,2025,5,Sunday,True,21,53,0.604,32.25,24.42,0.811,0.0,53,59.4,0.487
2025-05-26,2025,5,Monday,False,22,67,0.418,42.393,22.234,0.716,0.0,67,60.0,0.463
2025-05-27,2025,5,Tuesday,False,22,59,0.475,43.143,32.667,0.356,0.0,59,56.9,0.467
2025-05-28,2025,5,Wednesday,False,22,55,0.509,25.111,24.679,0.727,0.0,55,56.1,0.457
2025-05-29,2025,5,Thursday,False,22,58,0.397,40.043,29.224,0.552,0.0,58,56.1,0.454
2025-05-30,2025,5,Friday,False,22,42,0.333,25.286,30.756,0.619,0.0,42,56.7,0.434
2025-05-31,2025,5,Saturday,True,22,57,0.333,41.526,28.786,0.632,0.0,57,55.9,0.438
2025-06-01,2025,6,Sunday,True,22,53,0.358,29.0,28.64,0.415,0.0,53,55.9,0.403
2025-06-02,2025,6,Monday,False,23,66,0.409,34.269,22.484,0.591,0.0,66,55.7,0.402
2025-06-03,2025,6,Tuesday,False,23,77,0.455,34.412,26.849,0.649,0.0,77,58.3,0.399
2025-06-04,2025,6,Wednesday,False,23,58,0.397,29.0,36.02,0.534,0.0,58,58.7,0.383
2025-06-05,2025,6,Thursday,False,23,58,0.379,40.864,36.109,0.552,0.0,58,58.7,0.381
2025-06-06,2025,6,Friday,False,23,35,0.457,32.562,25.576,0.657,0.0,35,57.7,0.398
2025-06-07,2025,6,Saturday,True,23,24,0.458,50.636,27.435,0.5,0.0,24,53.0,0.416
2025-06-08,2025,6,Sunday,True,23,57,0.544,39.806,29.741,0.544,0.0,57,53.6,0.443
2025-06-09,2025,6,Monday,False,24,33,0.455,39.667,25.469,0.273,0.0,33,48.9,0.449
2025-06-10,2025,6,Tuesday,False,24,46,0.435,37.3,25.682,0.587,0.0,46,44.4,0.446
2025-06-11,2025,6,Wednesday,False,24,51,0.412,40.857,28.792,0.647,0.0,51,43.4,0.449
2025-06-12,2025,6,Thursday,False,24,48,0.396,28.5,25.745,0.438,0.0,48,42.0,0.451
2025-06-13,2025,6,Friday,False,24,64,0.469,39.333,29.937,0.406,0.0,64,46.1,0.453
2025-06-14,2025,6,Saturday,True,24,67,0.418,27.143,31.94,0.478,0.0,67,52.3,0.447
2025-06-15,2025,6,Sunday,True,24,46,0.304,31.214,29.267,0.696,0.0,46,50.7,0.413
2025-06-16,2025,6,Monday,False,25,69,0.493,34.324,28.217,0.493,0.0,69,55.9,0.418
2025-06-17,2025,6,Tuesday,False,25,56,0.5,27.536,30.604,0.643,0.0,56,57.3,0.427
2025-06-18,2025,6,Wednesday,False,25,50,0.44,25.5,25.667,0.46,0.0,50,57.1,0.431
2025-06-19,2025,6,Thursday,False,25,49,0.408,30.45,31.795,0.571,0.0,49,57.3,0.433
2025-06-20,2025,6,Friday,False,25,54,0.444,38.458,33.294,0.574,0.0,54,55.9,0.43
2025-06-21,2025,6,Saturday,True,25,43,0.349,27.333,31.023,0.442,0.0,43,52.4,0.42
2025-06-22,2025,6,Sunday,True,25,30,0.567,32.235,25.207,0.667,0.0,30,50.1,0.457
2025-06-23,2025,6,Monday,False,26,55,0.382,40.333,23.17,0.764,0.0,55,48.1,0.441
2025-06-24,2025,6,Tuesday,False,26,50,0.48,33.167,23.875,0.64,0.0,50,47.3,0.439
2025-06-25,2025,6,Wednesday,False,26,64,0.562,27.257,25.033,0.641,0.0,64,49.3,0.456
2025-06-26,2025,6,Thursday,False,26,48,0.5,33.75,28.043,0.458,0.0,48,49.1,0.469
2025-06-27,2025,6,Friday,False,26,50,0.4,36.55,28.8,0.58,0.0,50,48.6,0.463
2025-06-28,2025,6,Saturday,True,26,47,0.468,29.273,31.348,0.426,0.0,47,49.1,0.48
2025-06-29,2025,6,Sunday,True,26,89,0.315,18.321,28.202,0.573,0.0,89,57.6,0.444
2025-06-30,2025,6,Monday,False,27,46,0.5,14.957,23.409,0.609,0.0,46,56.3,0.461
2025-07-01,2025,7,Tuesday,False,27,58,0.466,30.704,22.316,0.672,0.0,58,57.4,0.459
2025-07-02,2025,7,Wednesday,False,27,59,0.356,25.857,29.228,0.712,0.0,59,56.7,0.429
2025-07-03,2025,7,Thursday,False,27,49,0.367,30.722,23.188,0.612,0.0,49,56.9,0.41
2025-07-04,2025,7,Friday,False,27,50,0.4,35.421,26.604,0.6,0.0,50,56.9,0.41
2025-07-05,2025,7,Saturday,True,27,28,0.321,18.75,15.889,0.821,0.0,28,54.1,0.389
2025-07-06,2025,7,Sunday,True,27,41,0.561,31.174,22.175,0.512,0.0,41,47.3,0.424
2025-07-07,2025,7,Monday,False,28,55,0.491,13.778,27.17,0.545,0.0,55,48.6,0.423
2025-07-08,2025,7,Tuesday,False,28,40,0.575,25.87,30.053,0.825,0.0,40,46.0,0.439
2025-07-09,2025,7,Wednesday,False,28,39,0.385,34.133,19.795,0.641,0.0,39,43.1,0.443
2025-07-10,2025,7,Thursday,False,28,58,0.379,22.818,26.906,0.569,0.0,58,44.4,0.445
2025-07-11,2025,7,Friday,False,28,62,0.532,24.818,23.397,0.548,0.0,62,46.1,0.463
2025-07-12,2025,7,Saturday,True,28,44,0.295,30.0,32.762,0.455,0.0,44,48.4,0.46
2025-07-13,2025,7,Sunday,True,28,58,0.379,21.864,28.036,0.586,0.0,58,50.9,0.434
2025-07-14,2025,7,Monday,False,29,48,0.417,22.15,28.523,0.562,0.0,48,49.9,0.423
2025-07-15,2025,7,Tuesday,False,29,50,0.52,23.846,29.438,0.58,0.0,50,51.3,0.415
2025-07-16,2025,7,Wednesday,False,29,52,0.577,28.0,30.02,0.654,0.0,52,53.1,0.443
2025-07-17,2025,7,Thursday,False,29,65,0.492,18.75,16.6,0.585,0.0,65,54.1,0.459
2025-07-18,2025,7,Friday,False,29,64,0.516,30.545,17.867,0.594,0.0,64,54.4,0.457
2025-07-19,2025,7,Saturday,True,29,37,0.432,25.812,14.636,0.568,0.0,37,53.4,0.476
2025-07-20,2025,7,Sunday,True,29,105,0.257,18.741,20.446,0.733,0.0,105,60.1,0.459
2025-07-21,2025,7,Monday,False,30,45,0.511,17.478,18.0,0.6,0.0,45,59.7,0.472
2025-07-22,2025,7,Tuesday,False,30,66,0.455,20.8,18.242,0.697,0.0,66,62.0,0.463
2025-07-23,2025,7,Wednesday,False,30,66,0.409,20.296,18.032,0.621,0.0,66,64.0,0.439
2025-07-24,2025,7,Thursday,False,30,96,0.417,23.075,23.086,0.667,0.0,96,68.4,0.428
2025-07-25,2025,7,Friday,False,30,61,0.443,22.815,22.893,0.705,0.0,61,68.0,0.418
2025-07-26,2025,7,Saturday,True,30,69,0.42,20.379,19.591,0.406,0.0,69,72.6,0.416
2025-07-27,2025,7,Sunday,True,30,76,0.421,16.875,18.264,0.842,0.0,76,68.4,0.439
2025-07-28,2025,7,Monday,False,31,50,0.46,16.913,16.468,0.76,0.0,50,69.1,0.432
2025-07-29,2025,7,Tuesday,False,31,57,0.474,16.185,20.093,0.579,0.0,57,67.9,0.435
2025-07-30,2025,7,Wednesday,False,31,55,0.327,19.833,20.904,0.618,0.0,55,66.3,0.423
2025-07-31,2025,7,Thursday,False,31,57,0.298,24.294,23.702,0.684,0.0,57,60.7,0.406
2025-08-01,2025,8,Friday,False,31,64,0.484,19.161,17.746,0.5,0.0,64,61.1,0.412
2025-08-02,2025,8,Saturday,True,31,42,0.381,25.188,22.538,0.619,0.0,42,57.3,0.406
2025-08-03,2025,8,Sunday,True,31,71,0.394,26.036,19.09,0.761,0.0,71,56.6,0.403
2025-08-04,2025,8,Monday,False,32,56,0.339,21.737,24.944,0.643,0.0,56,57.4,0.385
2025-08-05,2025,8,Tuesday,False,32,38,0.395,19.8,19.167,0.737,0.0,38,54.7,0.374
2025-08-06,2025,8,Wednesday,False,32,97,0.381,16.054,15.989,0.629,0.0,97,60.7,0.382
2025-08-07,2025,8,Thursday,False,32,69,0.406,19.357,21.531,0.551,0.0,69,62.4,0.397
2025-08-08,2025,8,Friday,False,32,38,0.263,22.5,27.676,0.658,0.0,38,58.7,0.366
2025-08-09,2025,8,Saturday,True,32,58,0.31,12.667,16.982,0.707,0.0,58,61.0,0.355
2025-08-10,2025,8,Sunday,True,32,69,0.435,19.6,17.923,0.87,0.0,69,60.7,0.361
2025-08-11,2025,8,Monday,False,33,51,0.333,15.588,17.725,0.765,0.0,51,60.0,0.36
2025-08-12,2025,8,Tuesday,False,33,53,0.264,17.929,17.706,0.642,0.0,53,62.1,0.342
2025-08-13,2025,8,Wednesday,False,33,68,0.294,18.85,19.075,0.647,0.0,68,58.0,0.329
2025-08-14,2025,8,Thursday,False,33,80,0.238,19.842,19.316,0.512,0.0,80,59.6,0.305
2025-08-15,2025,8,Friday,False,33,68,0.382,22.885,19.919,0.618,0.0,68,63.9,0.322
2025-08-16,2025,8,Saturday,True,33,41,0.244,28.8,26.538,0.634,0.0,41,61.4,0.313
2025-08-17,2025,8,Sunday,True,33,59,0.39,10.826,15.655,0.61,0.0,59,60.0,0.306
2025-08-18,2025,8,Monday,False,34,73,0.37,18.185,20.986,0.753,0.0,73,63.1,0.312
2025-08-19,2025,8,Tuesday,False,34,48,0.417,20.85,21.136,0.667,0.0,48,62.4,0.334
2025-08-20,2025,8,Wednesday,False,34,37,0.378,16.071,22.946,0.595,0.0,37,58.0,0.346
2025-08-21,2025,8,Thursday,False,34,50,0.24,15.417,22.277,0.8,0.0,50,53.7,0.346
2025-08-22,2025,8,Friday,False,34,65,0.308,17.05,16.712,0.615,0.0,65,53.3,0.335
2025-08-23,2025,8,Saturday,True,34,70,0.271,11.158,21.121,0.571,0.0,70,57.4,0.339
2025-08-24,2025,8,Sunday,True,34,84,0.286,9.417,18.299,0.643,0.0,84,61.0,0.324
2025-08-25,2025,8,Monday,False,35,75,0.347,16.615,18.109,0.68,0.0,75,61.3,0.321
2025-08-26,2025,8,Tuesday,False,35,63,0.238,14.6,10.344,0.746,0.0,63,63.4,0.295
2025-08-27,2025,8,Wednesday,False,35,62,0.226,9.857,9.212,0.774,0.0,62,67.0,0.274
2025-08-28,2025,8,Thursday,False,35,50,0.34,11.235,7.667,0.7,0.0,50,67.0,0.288
2025-08-29,2025,8,Friday,False,35,47,0.255,13.333,8.865,0.468,0.0,47,64.4,0.28
2025-08-30,2025,8,Saturday,True,35,83,0.325,11.741,11.206,0.771,0.0,83,66.3,0.288
2025-08-31,2025,8,Sunday,True,35,75,0.307,12.13,6.429,0.387,0.0,75,65.0,0.291
2025-09-01,2025,9,Monday,False,36,74,0.405,16.3,10.158,0.716,0.0,74,64.9,0.299
2025-09-02,2025,9,Tuesday,False,36,64,0.281,14.0,6.907,0.656,0.0,64,65.0,0.306
2025-09-03,2025,9,Wednesday,False,36,62,0.323,8.3,8.667,0.532,0.0,62,65.0,0.319
2025-09-04,2025,9,Thursday,False,36,67,0.343,14.87,8.277,0.627,0.0,67,67.4,0.32
2025-09-05,2025,9,Friday,False,36,36,0.139,14.2,11.04,0.583,0.0,36,65.9,0.303
2025-09-06,2025,9,Saturday,True,36,33,0.121,4.25,8.111,0.424,0.0,33,58.7,0.274
2025-09-07,2025,9,Sunday,True,36,54,0.296,10.062,4.135,0.463,0.0,54,55.7,0.273
2025-09-08,2025,9,Monday,False,37,67,0.134,10.0,5.043,0.552,0.0,67,54.7,0.234
2025-09-09,2025,9,Tuesday,False,37,61,0.279,10.882,6.111,0.607,0.0,61,54.3,0.234
2025-09-10,2025,9,Wednesday,False,37,58,0.207,11.917,5.353,0.672,0.0,58,53.7,0.217
2025-09-11,2025,9,Thursday,False,37,45,0.133,10.167,7.421,0.622,0.0,45,50.6,0.187
2025-09-12,2025,9,Friday,False,37,53,0.245,10.308,7.939,0.585,0.0,53,53.0,0.202
2025-09-13,2025,9,Saturday,True,37,100,0.3,9.833,6.266,0.4,0.0,100,62.6,0.228
2025-09-14,2025,9,Sunday,True,37,75,0.253,8.474,4.769,0.493,0.0,75,65.6,0.222
2025-09-15,2025,9,Monday,False,38,49,0.224,3.909,3.682,0.51,0.0,49,63.0,0.234
2025-09-16,2025,9,Tuesday,False,38,80,0.212,9.235,4.255,0.425,0.0,80,65.7,0.225
2025-09-17,2025,9,Wednesday,False,38,46,0.261,7.917,3.069,0.543,0.0,46,64.0,0.233
2025-09-18,2025,9,Thursday,False,38,52,0.212,7.545,4.964,0.577,0.0,52,65.0,0.244
2025-09-19,2025,9,Friday,False,38,50,0.2,8.2,6.879,0.6,0.0,50,64.6,0.237
2025-09-20,2025,9,Saturday,True,38,41,0.244,6.3,4.654,0.561,0.0,41,56.1,0.229
2025-09-21,2025,9,Sunday,True,38,72,0.194,5.929,3.65,0.875,0.0,72,55.7,0.221
2025-09-22,2025,9,Monday,False,39,51,0.176,3.111,1.957,0.431,0.0,51,56.0,0.214
2025-09-23,2025,9,Tuesday,False,39,81,0.173,5.143,3.237,0.58,0.0,81,56.1,0.209
2025-09-24,2025,9,Wednesday,False,39,46,0.13,4.667,4.0,0.478,0.0,46,56.1,0.19
2025-09-25,2025,9,Thursday,False,39,24,0.167,4.0,5.0,0.625,0.0,24,52.1,0.183
2025-09-26,2025,9,Friday,False,39,48,0.083,5.25,3.444,0.729,0.0,48,51.9,0.167
2025-09-27,2025,9,Saturday,True,39,46,0.196,3.667,3.5,0.522,0.0,46,52.6,0.16
2025-09-28,2025,9,Sunday,True,39,52,0.115,2.667,2.276,0.385,0.0,52,49.7,0.149
2025-09-29,2025,9,Monday,False,40,69,0.159,2.727,2.138,0.652,0.0,69,52.3,0.146
2025-09-30,2025,9,Tuesday,False,40,28,0.107,1.667,1.857,0.714,0.0,28,44.7,0.137
2025-10-01,2025,10,Wednesday,False,40,43,0.023,1.0,1.0,0.698,0.0,43,44.3,0.121
2025-10-02,2025,10,Thursday,False,40,31,0.032,1.0,1.0,0.484,0.0,31,45.3,0.102
2025-10-03,2025,10,Friday,False,40,42,0.0,,,0.619,0.0,42,44.4,0.09
2025-10-04,2025,10,Saturday,True,40,8,0.0,,0.0,0.875,0.0,8,39.0,0.062
