GridID,CenterLatitude,CenterLongitude,IssueCount,IssueDensity,AvgResolutionTime,ResolutionRate,AvgUrgencyScore,TopCategory,AnonymousRate
G_00_21,47.379033,19.102382,1,100.0,,0.0,10.0,Kátyú,100.0
G_01_03,47.38381,18.957349,1,100.0,2.0,100.0,0.0,Köztisztaság,0.0
G_01_22,47.38381,19.11044,1,100.0,,0.0,20.0,Egyéb,0.0
G_01_24,47.38381,19.126555,1,100.0,,0.0,20.0,Forgalomtechnika,100.0
G_02_03,47.388586,18.957349,2,200.0,2.0,50.0,0.0,Közvilágítás,50.0
G_02_04,47.388586,18.965406,1,100.0,,0.0,10.0,Kátyú,100.0
G_02_05,47.388586,18.973464,2,200.0,34.0,50.0,5.0,Forgalomtechnika,0.0
G_02_06,47.388586,18.981521,3,300.0,32.3,100.0,0.0,Közművek,0.0
G_02_20,47.388586,19.094325,1,100.0,,0.0,0.0,Forgalomtechnika,0.0
G_02_21,47.388586,19.102382,1,100.0,,0.0,0.0,Parkok és zöldterületek,0.0
G_02_33,47.388586,19.199072,1,100.0,5.0,100.0,0.0,Közvilágítás,0.0
G_03_07,47.393362,18.989578,1,100.0,,0.0,0.0,Elhagyott jármű,100.0
G_03_13,47.393362,19.037923,1,100.0,,0.0,10.0,Forgalomtechnika,0.0
G_03_21,47.393362,19.102382,2,200.0,,0.0,0.0,Forgalomtechnika,0.0
G_03_22,47.393362,19.11044,1,100.0,,0.0,0.0,Kátyú,0.0
G_03_23,47.393362,19.118497,1,100.0,2.0,100.0,0.0,Közvilágítás,0.0
G_03_30,47.393362,19.174899,1,100.0,,0.0,0.0,Parkok és zöldterületek,100.0
G_03_33,47.393362,19.199072,2,200.0,87.0,50.0,0.0,Forgalomtechnika,0.0
G_04_05,47.398138,18.973464,1,100.0,54.0,100.0,0.0,Forgalomtechnika,0.0
G_04_07,47.398138,18.989578,2,200.0,14.0,50.0,0.0,Elhagyott jármű,100.0
G_04_08,47.398138,18.997636,2,200.0,11.0,50.0,0.0,Elhagyott jÃĄrmÅą,100.0
G_04_09,47.398138,19.005693,1,100.0,19.0,100.0,0.0,Elhagyott jármű,100.0
G_04_10,47.398138,19.013751,2,200.0,10.0,50.0,0.0,Elhagyott jármű,50.0
G_04_14,47.398138,19.04598,3,300.0,40.0,33.3,3.3,Egyéb,33.3
G_04_15,47.398138,19.054038,5,500.0,,0.0,0.0,Kátyú,80.0
G_04_19,47.398138,19.086268,1,100.0,,0.0,0.0,Forgalomtechnika,0.0
G_04_20,47.398138,19.094325,1,100.0,,0.0,0.0,Közvilágítás,100.0
G_04_21,47.398138,19.102382,5,500.0,,0.0,0.0,Forgalomtechnika,20.0
G_04_22,47.398138,19.11044,5,500.0,22.0,60.0,0.0,Elhagyott jármű,100.0
G_04_23,47.398138,19.118497,1,100.0,9.0,100.0,0.0,Elhagyott jármű,100.0
G_04_27,47.398138,19.150727,1,100.0,,0.0,0.0,Köztisztaság,0.0
G_04_30,47.398138,19.174899,1,100.0,,0.0,0.0,Forgalomtechnika,100.0
G_04_31,47.398138,19.182957,3,300.0,,0.0,3.3,Egyéb,100.0
G_04_32,47.398138,19.191014,2,200.0,6.0,100.0,5.0,Forgalomtechnika,100.0
G_05_08,47.402914,18.997636,2,200.0,,0.0,0.0,Elhagyott jármű,100.0
G_05_09,47.402914,19.005693,6,600.0,21.7,50.0,1.7,Járda,83.3
G_05_10,47.402914,19.013751,3,300.0,,0.0,0.0,Forgalomtechnika,66.7
G_05_11,47.402914,19.021808,1,100.0,15.0,100.0,0.0,Parkok és zöldterületek,100.0
G_05_16,47.402914,19.062095,1,100.0,23.0,100.0,0.0,Kerékpározás,0.0
G_05_17,47.402914,19.070153,1,100.0,39.0,100.0,0.0,Köztisztaság,100.0
G_05_18,47.402914,19.07821,3,300.0,26.0,66.7,6.7,Forgalomtechnika,100.0
G_05_19,47.402914,19.086268,1,100.0,70.0,100.0,0.0,Közművek,100.0
G_05_20,47.402914,19.094325,1,100.0,,0.0,0.0,Közművek,0.0
G_05_21,47.402914,19.102382,6,600.0,,0.0,0.0,Elhagyott jármű,100.0
G_05_22,47.402914,19.11044,1,100.0,22.0,100.0,0.0,Elhagyott jármű,100.0
G_05_23,47.402914,19.118497,4,400.0,30.3,75.0,0.0,Elhagyott jármű,100.0
G_05_26,47.402914,19.14267,1,100.0,,0.0,0.0,Köztisztaság,100.0
G_05_31,47.402914,19.182957,4,400.0,16.0,50.0,0.0,Forgalomtechnika,75.0
G_05_32,47.402914,19.191014,3,300.0,44.7,100.0,3.3,Forgalomtechnika,66.7
G_06_07,47.407691,18.989578,1,100.0,47.0,100.0,0.0,Elhagyott jármű,100.0
G_06_09,47.407691,19.005693,3,300.0,,0.0,0.0,Elhagyott jármű,100.0
G_06_10,47.407691,19.013751,4,400.0,13.0,50.0,5.0,Egyéb,75.0
G_06_12,47.407691,19.029866,3,300.0,43.0,33.3,0.0,Kátyú,100.0
G_06_15,47.407691,19.054038,1,100.0,,0.0,0.0,Elhagyott jármű,0.0
G_06_16,47.407691,19.062095,3,300.0,19.0,33.3,10.0,Elhagyott jármű,100.0
G_06_17,47.407691,19.070153,13,1300.0,8.2,46.2,0.8,Forgalomtechnika,84.6
G_06_18,47.407691,19.07821,12,1200.0,9.2,33.3,0.0,Forgalomtechnika,100.0
G_06_21,47.407691,19.102382,2,200.0,,0.0,5.0,Parkok és zöldterületek,100.0
G_06_22,47.407691,19.11044,7,700.0,21.2,57.1,5.7,Egyéb,71.4
G_06_23,47.407691,19.118497,5,500.0,25.8,100.0,8.0,Közvilágítás,100.0
G_06_30,47.407691,19.174899,1,100.0,,0.0,0.0,Parkok és zöldterületek,100.0
G_06_31,47.407691,19.182957,2,200.0,,0.0,10.0,Köztisztaság,50.0
G_06_32,47.407691,19.191014,2,200.0,,0.0,5.0,Parkok és zöldterületek,50.0
G_06_34,47.407691,19.207129,1,100.0,11.0,100.0,0.0,Elhagyott jármű,100.0
G_07_03,47.412467,18.957349,1,100.0,,0.0,0.0,Köztisztaság,0.0
G_07_07,47.412467,18.989578,3,300.0,61.5,66.7,0.0,Elhagyott jármű,100.0
G_07_11,47.412467,19.021808,2,200.0,35.0,50.0,0.0,Forgalomtechnika,100.0
G_07_13,47.412467,19.037923,4,400.0,41.0,25.0,0.0,Kerékpározás,50.0
G_07_15,47.412467,19.054038,2,200.0,50.0,50.0,0.0,Forgalomtechnika,50.0
G_07_16,47.412467,19.062095,4,400.0,21.0,25.0,0.0,Elhagyott jármű,75.0
G_07_17,47.412467,19.070153,5,500.0,21.0,80.0,0.0,Forgalomtechnika,80.0
G_07_18,47.412467,19.07821,1,100.0,15.0,100.0,0.0,Forgalomtechnika,100.0
G_07_19,47.412467,19.086268,1,100.0,,0.0,0.0,Kátyú,0.0
G_07_22,47.412467,19.11044,1,100.0,,0.0,0.0,Köztisztaság,100.0
G_07_25,47.412467,19.134612,5,500.0,,0.0,8.0,Elhagyott jármű,100.0
G_07_30,47.412467,19.174899,3,300.0,3.5,66.7,10.0,Kátyú,66.7
G_07_32,47.412467,19.191014,2,200.0,12.0,50.0,0.0,Forgalomtechnika,50.0
G_07_34,47.412467,19.207129,1,100.0,122.0,100.0,10.0,Elhagyott jármű,100.0
G_08_11,47.417243,19.021808,1,100.0,,0.0,0.0,Elhagyott jármű,100.0
G_08_13,47.417243,19.037923,1,100.0,,0.0,0.0,Elhagyott jármű,100.0
G_08_15,47.417243,19.054038,3,300.0,5.5,66.7,0.0,Forgalomtechnika,0.0
G_08_16,47.417243,19.062095,12,1200.0,5.8,33.3,2.5,Parkok és zöldterületek,41.7
G_08_17,47.417243,19.070153,2,200.0,77.0,50.0,5.0,Kátyú,100.0
G_08_20,47.417243,19.094325,1,100.0,,0.0,0.0,Parkok és zöldterületek,100.0
G_08_23,47.417243,19.118497,4,400.0,19.5,50.0,0.0,Forgalomtechnika,100.0
G_08_25,47.417243,19.134612,2,200.0,,0.0,0.0,Elhagyott jármű,50.0
G_08_26,47.417243,19.14267,3,300.0,103.0,33.3,0.0,Elhagyott jármű,66.7
G_08_31,47.417243,19.182957,1,100.0,,0.0,0.0,Parkok és zöldterületek,0.0
G_08_34,47.417243,19.207129,3,300.0,35.0,33.3,0.0,Elhagyott jármű,100.0
G_09_08,47.422019,18.997636,1,100.0,,0.0,0.0,Elhagyott jármű,100.0
G_09_09,47.422019,19.005693,2,200.0,37.0,50.0,0.0,Elhagyott jármű,100.0
G_09_12,47.422019,19.029866,1,100.0,20.0,100.0,0.0,Parkok és zöldterületek,100.0
G_09_13,47.422019,19.037923,2,200.0,,0.0,0.0,Graffiti,100.0
G_09_14,47.422019,19.04598,1,100.0,49.0,100.0,0.0,Kerékpározás,100.0
G_09_16,47.422019,19.062095,2,200.0,,0.0,0.0,Parkok és zöldterületek,50.0
G_09_17,47.422019,19.070153,13,1300.0,24.8,38.5,1.5,Parkok és zöldterületek,84.6
G_09_18,47.422019,19.07821,3,300.0,10.3,100.0,0.0,Közművek,33.3
G_09_19,47.422019,19.086268,2,200.0,2.5,100.0,0.0,Elhagyott jármű,100.0
G_09_20,47.422019,19.094325,3,300.0,80.0,33.3,0.0,Parkok és zöldterületek,66.7
G_09_21,47.422019,19.102382,2,200.0,2.0,50.0,0.0,Elhagyott jármű,50.0
G_09_22,47.422019,19.11044,9,900.0,11.8,55.6,0.0,Elhagyott jármű,100.0
G_09_23,47.422019,19.118497,7,700.0,23.7,42.9,0.0,Elhagyott jármű,57.1
G_09_24,47.422019,19.126555,3,300.0,51.7,100.0,0.0,Elhagyott jármű,100.0
G_09_25,47.422019,19.134612,2,200.0,,0.0,0.0,Elhagyott jármű,0.0
G_09_28,47.422019,19.158784,1,100.0,15.0,100.0,0.0,Köztisztaság,100.0
G_09_34,47.422019,19.207129,1,100.0,,0.0,0.0,Parkok és zöldterületek,100.0
G_09_35,47.422019,19.215186,1,100.0,,0.0,20.0,Parkok és zöldterületek,0.0
G_09_38,47.422019,19.239359,1,100.0,,0.0,10.0,Kátyú,0.0
G_10_09,47.426795,19.005693,1,100.0,,0.0,0.0,Kátyú,100.0
G_10_10,47.426795,19.013751,2,200.0,8.0,50.0,0.0,Közművek,100.0
G_10_12,47.426795,19.029866,1,100.0,,0.0,0.0,Kátyú,100.0
G_10_13,47.426795,19.037923,4,400.0,,0.0,2.5,Parkolás,100.0
G_10_16,47.426795,19.062095,2,200.0,,0.0,5.0,Elhagyott jármű,100.0
G_10_17,47.426795,19.070153,21,2100.0,15.6,42.9,0.0,Parkok és zöldterületek,61.9
G_10_18,47.426795,19.07821,1,100.0,10.0,100.0,0.0,Közművek,0.0
G_10_20,47.426795,19.094325,2,200.0,9.5,100.0,0.0,Közvilágítás,0.0
G_10_21,47.426795,19.102382,2,200.0,49.0,50.0,0.0,Járda,100.0
G_10_22,47.426795,19.11044,7,700.0,6.7,42.9,2.9,Elhagyott jármű,100.0
G_10_23,47.426795,19.118497,6,600.0,9.0,16.7,0.0,Parkok és zöldterületek,83.3
G_10_24,47.426795,19.126555,4,400.0,,0.0,0.0,Egyéb,25.0
G_10_25,47.426795,19.134612,1,100.0,,0.0,0.0,Közvilágítás,100.0
G_10_26,47.426795,19.14267,1,100.0,,0.0,0.0,Egyéb,0.0
G_10_27,47.426795,19.150727,1,100.0,,0.0,0.0,Elhagyott jármű,100.0
G_10_28,47.426795,19.158784,3,300.0,7.0,33.3,0.0,Köztisztaság,100.0
G_10_29,47.426795,19.166842,1,100.0,8.0,100.0,0.0,Közművek,100.0
G_10_31,47.426795,19.182957,1,100.0,,0.0,0.0,Forgalomtechnika,100.0
G_10_33,47.426795,19.199072,1,100.0,,0.0,0.0,Forgalomtechnika,100.0
G_10_35,47.426795,19.215186,1,100.0,,0.0,0.0,Kerékpározás,0.0
G_10_36,47.426795,19.223244,2,200.0,8.0,50.0,0.0,Elhagyott jármű,100.0
G_10_37,47.426795,19.231301,1,100.0,9.0,100.0,0.0,Közművek,100.0
G_11_09,47.431572,19.005693,2,200.0,10.0,50.0,0.0,Egyéb,50.0
G_11_11,47.431572,19.021808,1,100.0,24.0,100.0,0.0,Elhagyott jármű,100.0
G_11_12,47.431572,19.029866,1,100.0,,0.0,0.0,Közvilágítás,100.0
G_11_13,47.431572,19.037923,10,1000.0,14.0,30.0,0.0,Közművek,100.0
G_11_14,47.431572,19.04598,1,100.0,,0.0,0.0,Forgalomtechnika,100.0
G_11_17,47.431572,19.070153,24,2400.0,44.5,25.0,3.3,Kátyú,75.0
G_11_18,47.431572,19.07821,9,900.0,40.0,22.2,1.1,Elhagyott jármű,55.6
G_11_19,47.431572,19.086268,1,100.0,36.0,100.0,0.0,Közművek,100.0
G_11_20,47.431572,19.094325,2,200.0,,0.0,0.0,Elhagyott jรกrmลฑ,50.0
G_11_21,47.431572,19.102382,21,2100.0,20.4,23.8,1.0,Parkok és zöldterületek,81.0
G_11_22,47.431572,19.11044,6,600.0,27.0,33.3,3.3,Elhagyott jármű,83.3
G_11_23,47.431572,19.118497,19,1900.0,11.0,15.8,0.5,Közművek,73.7
G_11_24,47.431572,19.126555,15,1500.0,24.5,13.3,0.0,Elhagyott jármű,60.0
G_11_25,47.431572,19.134612,9,900.0,7.7,33.3,0.0,Parkok és zöldterületek,33.3
G_11_26,47.431572,19.14267,4,400.0,11.0,50.0,2.5,Forgalomtechnika,25.0
G_11_27,47.431572,19.150727,2,200.0,56.5,100.0,0.0,Forgalomtechnika,100.0
G_11_29,47.431572,19.166842,1,100.0,,0.0,10.0,Járda,0.0
G_11_30,47.431572,19.174899,3,300.0,,0.0,0.0,Elhagyott jármű,100.0
G_11_31,47.431572,19.182957,1,100.0,19.0,100.0,20.0,Egyéb,0.0
G_11_33,47.431572,19.199072,1,100.0,,0.0,0.0,Kátyú,0.0
G_11_34,47.431572,19.207129,1,100.0,63.0,100.0,0.0,Forgalomtechnika,100.0
G_11_35,47.431572,19.215186,3,300.0,16.0,66.7,0.0,Forgalomtechnika,100.0
G_11_36,47.431572,19.223244,1,100.0,,0.0,0.0,Járda,0.0
G_11_41,47.431572,19.263531,4,400.0,18.0,25.0,0.0,Egyéb,100.0
G_12_09,47.436348,19.005693,1,100.0,,0.0,10.0,Parkok és zöldterületek,100.0
G_12_10,47.436348,19.013751,3,300.0,12.0,66.7,0.0,Elhagyott jármű,100.0
G_12_13,47.436348,19.037923,7,700.0,55.7,42.9,2.9,Forgalomtechnika,28.6
G_12_17,47.436348,19.070153,12,1200.0,19.0,25.0,0.0,Elhagyott jármű,75.0
G_12_18,47.436348,19.07821,22,2200.0,24.4,45.5,0.5,Köztisztaság,86.4
G_12_19,47.436348,19.086268,10,1000.0,20.5,40.0,2.0,Köztisztaság,80.0
G_12_20,47.436348,19.094325,23,2300.0,32.7,56.5,0.4,Parkok és zöldterületek,91.3
G_12_21,47.436348,19.102382,18,1800.0,36.0,11.1,1.1,Forgalomtechnika,88.9
G_12_22,47.436348,19.11044,8,800.0,10.5,25.0,2.5,Forgalomtechnika,25.0
G_12_23,47.436348,19.118497,4,400.0,45.0,25.0,0.0,Egyéb,75.0
G_12_24,47.436348,19.126555,8,800.0,35.0,37.5,3.8,Elhagyott jármű,62.5
G_12_25,47.436348,19.134612,5,500.0,32.8,80.0,0.0,Közművek,20.0
G_12_26,47.436348,19.14267,4,400.0,14.0,25.0,5.0,Köztisztaság,100.0
G_12_27,47.436348,19.150727,1,100.0,,0.0,0.0,Egyéb,0.0
G_12_28,47.436348,19.158784,6,600.0,29.3,50.0,5.0,Parkok és zöldterületek,33.3
G_12_29,47.436348,19.166842,11,1100.0,25.5,36.4,1.8,Elhagyott jármű,63.6
G_12_30,47.436348,19.174899,4,400.0,57.0,25.0,0.0,Elhagyott jármű,50.0
G_12_32,47.436348,19.191014,2,200.0,,50.0,0.0,Kรถzmลฑvek,100.0
G_12_33,47.436348,19.199072,2,200.0,,0.0,0.0,Egyéb,50.0
G_12_34,47.436348,19.207129,1,100.0,,0.0,30.0,Parkok és zöldterületek,100.0
G_12_35,47.436348,19.215186,1,100.0,,0.0,0.0,Parkok és zöldterületek,100.0
G_12_36,47.436348,19.223244,2,200.0,,0.0,0.0,Közösségi közlekedés,100.0
G_13_06,47.441124,18.981521,2,200.0,,0.0,0.0,Elhagyott jármű,100.0
G_13_10,47.441124,19.013751,1,100.0,,0.0,0.0,Kátyú,100.0
G_13_13,47.441124,19.037923,11,1100.0,30.0,9.1,0.0,Elhagyott jármű,81.8
G_13_14,47.441124,19.04598,1,100.0,15.0,100.0,0.0,Elhagyott jármű,100.0
G_13_17,47.441124,19.070153,5,500.0,12.7,60.0,4.0,Akadálymentesítés,40.0
G_13_18,47.441124,19.07821,2,200.0,,0.0,0.0,Kátyú,100.0
G_13_20,47.441124,19.094325,20,2000.0,35.7,65.0,1.5,Parkok és zöldterületek,100.0
G_13_21,47.441124,19.102382,37,3700.0,26.8,27.0,1.1,Köztisztaság,64.9
G_13_22,47.441124,19.11044,17,1700.0,4.7,17.6,0.0,Forgalomtechnika,58.8
G_13_23,47.441124,19.118497,12,1200.0,17.0,25.0,0.8,Parkok és zöldterületek,91.7
G_13_24,47.441124,19.126555,4,400.0,3.0,25.0,2.5,Elhagyott jármű,100.0
G_13_25,47.441124,19.134612,3,300.0,,0.0,6.7,Járda,33.3
G_13_26,47.441124,19.14267,3,300.0,6.0,33.3,10.0,Elhagyott jármű,66.7
G_13_27,47.441124,19.150727,1,100.0,,0.0,0.0,Járda,100.0
G_13_28,47.441124,19.158784,1,100.0,90.0,100.0,0.0,Elhagyott jármű,100.0
G_13_31,47.441124,19.182957,3,300.0,37.0,66.7,0.0,Közművek,66.7
G_13_32,47.441124,19.191014,1,100.0,1.0,100.0,0.0,Közművek,100.0
G_13_33,47.441124,19.199072,1,100.0,,0.0,0.0,Forgalomtechnika,100.0
G_13_35,47.441124,19.215186,1,100.0,,0.0,20.0,Járda,100.0
G_13_36,47.441124,19.223244,1,100.0,,0.0,0.0,Parkok és zöldterületek,0.0
G_14_12,47.4459,19.029866,2,200.0,,0.0,0.0,Járda,100.0
G_14_13,47.4459,19.037923,18,1800.0,33.0,27.8,1.7,Elhagyott jármű,100.0
G_14_14,47.4459,19.04598,3,300.0,23.0,33.3,6.7,Parkok és zöldterületek,66.7
G_14_17,47.4459,19.070153,6,600.0,,0.0,0.0,Kátyú,16.7
G_14_20,47.4459,19.094325,16,1600.0,8.0,18.8,0.0,Köztisztaság,100.0
G_14_21,47.4459,19.102382,21,2100.0,13.3,47.6,0.0,Elhagyott jármű,71.4
G_14_22,47.4459,19.11044,17,1700.0,10.0,29.4,2.9,Parkok és zöldterületek,82.4
G_14_23,47.4459,19.118497,7,700.0,3.0,14.3,0.0,Parkok és zöldterületek,71.4
G_14_24,47.4459,19.126555,2,200.0,32.0,100.0,0.0,Közművek,100.0
G_14_25,47.4459,19.134612,1,100.0,62.0,100.0,0.0,Elhagyott jármű,100.0
G_14_26,47.4459,19.14267,1,100.0,95.0,100.0,0.0,Kátyú,0.0
G_14_27,47.4459,19.150727,3,300.0,,0.0,3.3,Forgalomtechnika,0.0
G_14_28,47.4459,19.158784,4,400.0,,0.0,0.0,Kátyú,100.0
G_14_29,47.4459,19.166842,5,500.0,,0.0,0.0,Elhagyott jármű,100.0
G_14_30,47.4459,19.174899,2,200.0,,0.0,10.0,Járda,50.0
G_14_31,47.4459,19.182957,1,100.0,,0.0,20.0,Járda,100.0
G_14_35,47.4459,19.215186,2,200.0,,0.0,0.0,Elhagyott jármű,50.0
G_15_09,47.450676,19.005693,2,200.0,93.0,50.0,5.0,Forgalomtechnika,50.0
G_15_10,47.450676,19.013751,1,100.0,12.0,100.0,0.0,Forgalomtechnika,100.0
G_15_11,47.450676,19.021808,3,300.0,4.0,33.3,0.0,Parkok és zöldterületek,100.0
G_15_12,47.450676,19.029866,2,200.0,,0.0,0.0,Parkok és zöldterületek,100.0
G_15_13,47.450676,19.037923,10,1000.0,33.2,50.0,1.0,Köztisztaság,90.0
G_15_14,47.450676,19.04598,6,600.0,2.0,16.7,0.0,Elhagyott jármű,83.3
G_15_15,47.450676,19.054038,1,100.0,27.0,100.0,0.0,Parkok és zöldterületek,0.0
G_15_17,47.450676,19.070153,1,100.0,35.0,100.0,10.0,Parkok és zöldterületek,0.0
G_15_21,47.450676,19.102382,3,300.0,,0.0,0.0,Egyéb,66.7
G_15_22,47.450676,19.11044,10,1000.0,,0.0,1.0,Egyéb,60.0
G_15_23,47.450676,19.118497,3,300.0,13.0,33.3,6.7,Elhagyott jármű,100.0
G_15_24,47.450676,19.126555,11,1100.0,44.0,18.2,4.5,Elhagyott jármű,72.7
G_15_25,47.450676,19.134612,3,300.0,3.0,33.3,3.3,Egyéb,0.0
G_15_26,47.450676,19.14267,2,200.0,,0.0,0.0,Akadálymentesítés,50.0
G_15_27,47.450676,19.150727,8,800.0,26.6,62.5,2.5,Parkok és zöldterületek,87.5
G_15_28,47.450676,19.158784,5,500.0,27.0,40.0,2.0,Forgalomtechnika,60.0
G_15_29,47.450676,19.166842,3,300.0,,0.0,13.3,Egyéb,100.0
G_15_30,47.450676,19.174899,4,400.0,24.5,50.0,5.0,Járda,75.0
G_15_33,47.450676,19.199072,1,100.0,,0.0,0.0,Forgalomtechnika,0.0
G_15_36,47.450676,19.223244,1,100.0,28.0,100.0,0.0,Köztisztaság,100.0
G_16_09,47.455453,19.005693,2,200.0,,0.0,0.0,Kátyú,50.0
G_16_11,47.455453,19.021808,5,500.0,27.5,80.0,0.0,Elhagyott jármű,80.0
G_16_12,47.455453,19.029866,14,1400.0,27.0,35.7,4.3,Köztisztaság,92.9
G_16_13,47.455453,19.037923,15,1500.0,39.4,46.7,0.7,Elhagyott jármű,100.0
G_16_14,47.455453,19.04598,3,300.0,58.0,33.3,3.3,Elhagyott jármű,100.0
G_16_15,47.455453,19.054038,4,400.0,,0.0,0.0,Közművek,0.0
G_16_18,47.455453,19.07821,1,100.0,,0.0,0.0,Köztisztaság,0.0
G_16_22,47.455453,19.11044,3,300.0,93.0,33.3,0.0,Egyéb,100.0
G_16_23,47.455453,19.118497,3,300.0,22.5,66.7,3.3,Egyéb,100.0
G_16_24,47.455453,19.126555,2,200.0,14.0,50.0,0.0,Elhagyott jármű,100.0
G_16_25,47.455453,19.134612,6,600.0,4.0,33.3,1.7,Parkok és zöldterületek,83.3
G_16_26,47.455453,19.14267,5,500.0,23.5,40.0,2.0,Elhagyott jármű,40.0
G_16_27,47.455453,19.150727,11,1100.0,21.7,27.3,0.9,Forgalomtechnika,45.5
G_16_28,47.455453,19.158784,5,500.0,33.0,40.0,8.0,Járda,60.0
G_16_29,47.455453,19.166842,3,300.0,6.0,33.3,0.0,Közvilágítás,66.7
G_16_30,47.455453,19.174899,4,400.0,15.5,50.0,5.0,Köztisztaság,50.0
G_16_32,47.455453,19.191014,1,100.0,20.0,100.0,0.0,Forgalomtechnika,100.0
G_16_39,47.455453,19.247416,1,100.0,,0.0,0.0,Kátyú,100.0
G_17_07,47.460229,18.989578,1,100.0,3.0,100.0,0.0,Közművek,0.0
G_17_08,47.460229,18.997636,3,300.0,25.0,33.3,6.7,Kátyú,33.3
G_17_09,47.460229,19.005693,3,300.0,,0.0,0.0,Parkok és zöldterületek,100.0
G_17_10,47.460229,19.013751,5,500.0,,0.0,4.0,Parkok és zöldterületek,60.0
G_17_11,47.460229,19.021808,11,1100.0,21.2,54.5,3.6,Forgalomtechnika,63.6
G_17_12,47.460229,19.029866,17,1700.0,14.8,35.3,4.1,Közművek,64.7
G_17_13,47.460229,19.037923,20,2000.0,12.5,20.0,0.0,Közművek,85.0
G_17_14,47.460229,19.04598,14,1400.0,17.0,7.1,2.9,Forgalomtechnika,42.9
G_17_15,47.460229,19.054038,17,1700.0,10.0,17.6,1.2,Közművek,23.5
G_17_16,47.460229,19.062095,3,300.0,,0.0,0.0,Parkok és zöldterületek,66.7
G_17_17,47.460229,19.070153,5,500.0,74.0,20.0,0.0,Járda,80.0
G_17_19,47.460229,19.086268,1,100.0,11.0,100.0,0.0,Közművek,0.0
G_17_22,47.460229,19.11044,7,700.0,39.0,42.9,2.9,Parkok és zöldterületek,71.4
G_17_23,47.460229,19.118497,5,500.0,15.2,100.0,0.0,Köztisztaság,0.0
G_17_24,47.460229,19.126555,5,500.0,24.0,40.0,2.0,Parkok és zöldterületek,60.0
G_17_25,47.460229,19.134612,6,600.0,5.5,33.3,6.7,Forgalomtechnika,83.3
G_17_26,47.460229,19.14267,11,1100.0,47.5,18.2,0.9,Elhagyott jármű,63.6
G_17_27,47.460229,19.150727,8,800.0,5.0,12.5,2.5,Forgalomtechnika,62.5
G_17_28,47.460229,19.158784,3,300.0,9.0,66.7,0.0,Elhagyott jármű,66.7
G_17_31,47.460229,19.182957,3,300.0,27.5,66.7,0.0,Járda,0.0
G_17_36,47.460229,19.223244,1,100.0,9.0,100.0,0.0,Egyéb,100.0
G_17_38,47.460229,19.239359,1,100.0,,0.0,0.0,Kátyú,100.0
G_17_46,47.460229,19.303818,1,100.0,,0.0,0.0,Járda,100.0
G_18_08,47.465005,18.997636,1,100.0,,0.0,0.0,Parkok és zöldterületek,100.0
G_18_09,47.465005,19.005693,6,600.0,17.5,33.3,1.7,Forgalomtechnika,66.7
G_18_10,47.465005,19.013751,22,2200.0,16.6,31.8,1.8,Köztisztaság,86.4
G_18_11,47.465005,19.021808,33,3300.0,29.5,45.5,1.5,Köztisztaság,72.7
G_18_12,47.465005,19.029866,30,3000.0,51.1,23.3,1.3,Parkok és zöldterületek,40.0
G_18_13,47.465005,19.037923,6,600.0,1.0,16.7,1.7,Parkok és zöldterületek,33.3
G_18_14,47.465005,19.04598,11,1100.0,26.5,54.5,1.8,Parkok és zöldterületek,45.5
G_18_15,47.465005,19.054038,3,300.0,78.0,33.3,6.7,Forgalomtechnika,66.7
G_18_16,47.465005,19.062095,1,100.0,,0.0,0.0,Parkok és zöldterületek,0.0
G_18_17,47.465005,19.070153,3,300.0,,0.0,3.3,Forgalomtechnika,66.7
G_18_18,47.465005,19.07821,6,600.0,5.5,33.3,1.7,Kátyú,16.7
G_18_19,47.465005,19.086268,3,300.0,29.5,66.7,0.0,Elhagyott jármű,66.7
G_18_21,47.465005,19.102382,2,200.0,,0.0,0.0,Elhagyott jármű,100.0
G_18_22,47.465005,19.11044,18,1800.0,22.6,27.8,0.0,Parkok és zöldterületek,61.1
G_18_23,47.465005,19.118497,2,200.0,9.0,50.0,10.0,Közvilágítás,50.0
G_18_24,47.465005,19.126555,12,1200.0,12.0,41.7,5.0,Köztisztaság,58.3
G_18_25,47.465005,19.134612,1,100.0,,0.0,0.0,Közművek,0.0
G_18_27,47.465005,19.150727,11,1100.0,19.1,72.7,2.7,Közművek,9.1
G_18_28,47.465005,19.158784,11,1100.0,11.0,54.5,1.8,Forgalomtechnika,100.0
G_18_29,47.465005,19.166842,6,600.0,2.0,50.0,5.0,Parkok és zöldterületek,66.7
G_18_30,47.465005,19.174899,1,100.0,14.0,100.0,0.0,Forgalomtechnika,0.0
G_18_33,47.465005,19.199072,1,100.0,,0.0,10.0,Kerékpározás,0.0
G_18_38,47.465005,19.239359,2,200.0,45.0,50.0,15.0,Egyéb,50.0
G_18_39,47.465005,19.247416,1,100.0,,0.0,0.0,Kátyú,100.0
G_18_42,47.465005,19.271588,1,100.0,16.0,100.0,0.0,Elhagyott jármű,100.0
G_18_44,47.465005,19.287703,1,100.0,,0.0,0.0,Forgalomtechnika,100.0
G_19_07,47.469781,18.989578,2,200.0,,0.0,0.0,Elhagyott jármű,50.0
G_19_08,47.469781,18.997636,9,900.0,16.7,33.3,0.0,Elhagyott jármű,100.0
G_19_09,47.469781,19.005693,1,100.0,,0.0,0.0,Köztisztaság,100.0
G_19_10,47.469781,19.013751,29,2900.0,43.4,17.2,0.0,Elhagyott jármű,82.8
G_19_11,47.469781,19.021808,8,800.0,6.8,50.0,2.5,Köztisztaság,87.5
G_19_12,47.469781,19.029866,2,200.0,55.0,100.0,0.0,Elhagyott jármű,100.0
G_19_13,47.469781,19.037923,4,400.0,2.0,25.0,0.0,Forgalomtechnika,50.0
G_19_14,47.469781,19.04598,8,800.0,6.0,37.5,2.5,Parkok és zöldterületek,50.0
G_19_15,47.469781,19.054038,11,1100.0,5.5,18.2,0.0,Elhagyott jármű,63.6
G_19_16,47.469781,19.062095,19,1900.0,16.8,42.1,4.2,Forgalomtechnika,68.4
G_19_17,47.469781,19.070153,13,1300.0,27.6,38.5,1.5,Parkok és zöldterületek,46.2
G_19_18,47.469781,19.07821,15,1500.0,23.0,26.7,1.3,Kátyú,26.7
G_19_19,47.469781,19.086268,18,1800.0,8.8,33.3,0.6,Parkok és zöldterületek,55.6
G_19_20,47.469781,19.094325,8,800.0,3.5,25.0,5.0,Közművek,100.0
G_19_21,47.469781,19.102382,1,100.0,,0.0,10.0,Forgalomtechnika,100.0
G_19_22,47.469781,19.11044,19,1900.0,8.3,15.8,1.1,Közművek,26.3
G_19_23,47.469781,19.118497,16,1600.0,14.0,56.2,0.6,Köztisztaság,56.2
G_19_24,47.469781,19.126555,1,100.0,,0.0,10.0,Parkok és zöldterületek,0.0
G_19_25,47.469781,19.134612,1,100.0,,0.0,0.0,Köztisztaság,0.0
G_19_27,47.469781,19.150727,6,600.0,6.8,66.7,3.3,Közművek,50.0
G_19_28,47.469781,19.158784,36,3600.0,16.5,47.2,1.4,Közművek,72.2
G_19_29,47.469781,19.166842,23,2300.0,19.5,43.5,1.3,Közművek,82.6
G_19_38,47.469781,19.239359,2,200.0,33.0,50.0,0.0,Forgalomtechnika,50.0
G_19_39,47.469781,19.247416,3,300.0,22.5,66.7,0.0,Köztisztaság,66.7
G_19_44,47.469781,19.287703,1,100.0,27.0,100.0,0.0,Járda,100.0
G_19_45,47.469781,19.295761,2,200.0,48.0,50.0,10.0,Forgalomtechnika,50.0
G_19_46,47.469781,19.303818,2,200.0,4.0,50.0,0.0,Parkok és zöldterületek,0.0
G_20_07,47.474557,18.989578,4,400.0,1.0,25.0,5.0,Egyéb,100.0
G_20_08,47.474557,18.997636,10,1000.0,41.8,40.0,4.0,Parkok és zöldterületek,90.0
G_20_09,47.474557,19.005693,2,200.0,1.0,50.0,0.0,Akadálymentesítés,100.0
G_20_10,47.474557,19.013751,14,1400.0,64.0,21.4,3.6,Elhagyott jármű,85.7
G_20_11,47.474557,19.021808,4,400.0,,0.0,5.0,Elhagyott jármű,100.0
G_20_12,47.474557,19.029866,4,400.0,12.0,50.0,0.0,Parkok és zöldterületek,50.0
G_20_13,47.474557,19.037923,23,2300.0,29.0,17.4,2.2,Parkok és zöldterületek,39.1
G_20_14,47.474557,19.04598,21,2100.0,20.0,23.8,1.0,Parkok és zöldterületek,66.7
G_20_15,47.474557,19.054038,14,1400.0,2.0,21.4,0.7,Köztisztaság,64.3
G_20_16,47.474557,19.062095,8,800.0,5.0,12.5,6.2,Parkok és zöldterületek,62.5
G_20_17,47.474557,19.070153,19,1900.0,7.8,21.1,1.6,Kátyú,68.4
G_20_18,47.474557,19.07821,15,1500.0,17.3,20.0,0.0,Forgalomtechnika,73.3
G_20_19,47.474557,19.086268,4,400.0,10.0,50.0,0.0,Elhagyott jármű,50.0
G_20_20,47.474557,19.094325,5,500.0,10.7,60.0,0.0,Forgalomtechnika,40.0
G_20_21,47.474557,19.102382,17,1700.0,107.0,5.9,2.4,Egyéb,64.7
G_20_22,47.474557,19.11044,2,200.0,15.0,50.0,0.0,Kerékpározás,0.0
G_20_23,47.474557,19.118497,6,600.0,8.0,50.0,0.0,Közművek,83.3
G_20_24,47.474557,19.126555,2,200.0,6.0,50.0,0.0,Köztisztaság,50.0
G_20_25,47.474557,19.134612,14,1400.0,10.5,28.6,7.1,Közművek,14.3
G_20_26,47.474557,19.14267,4,400.0,28.0,50.0,5.0,Parkok és zöldterületek,75.0
G_20_27,47.474557,19.150727,1,100.0,0.0,100.0,0.0,Közösségi közlekedés,0.0
G_20_28,47.474557,19.158784,24,2400.0,10.7,50.0,3.3,Köztisztaság,50.0
G_20_29,47.474557,19.166842,9,900.0,10.2,44.4,3.3,Köztisztaság,55.6
G_20_30,47.474557,19.174899,3,300.0,19.0,33.3,0.0,Forgalomtechnika,0.0
G_20_36,47.474557,19.223244,1,100.0,49.0,100.0,0.0,Parkok és zöldterületek,100.0
G_20_37,47.474557,19.231301,1,100.0,,0.0,0.0,Közművek,0.0
G_20_38,47.474557,19.239359,1,100.0,15.0,100.0,0.0,Forgalomtechnika,0.0
G_20_39,47.474557,19.247416,1,100.0,,0.0,0.0,Parkok és zöldterületek,100.0
G_20_40,47.474557,19.255474,2,200.0,1.0,50.0,20.0,Egyéb,50.0
G_20_41,47.474557,19.263531,4,400.0,20.5,50.0,0.0,Parkok és zöldterületek,25.0
G_20_42,47.474557,19.271588,5,500.0,64.0,20.0,2.0,Parkok és zöldterületek,60.0
G_20_45,47.474557,19.295761,1,100.0,,0.0,0.0,Közösségi közlekedés,100.0
G_21_07,47.479334,18.989578,3,300.0,,0.0,13.3,Parkok és zöldterületek,66.7
G_21_08,47.479334,18.997636,4,400.0,,0.0,7.5,Kátyú,75.0
G_21_09,47.479334,19.005693,5,500.0,,0.0,6.0,Parkok és zöldterületek,60.0
G_21_10,47.479334,19.013751,5,500.0,21.0,20.0,6.0,Elhagyott jármű,100.0
G_21_11,47.479334,19.021808,3,300.0,8.0,66.7,0.0,Elhagyott jármű,100.0
G_21_12,47.479334,19.029866,18,1800.0,9.8,44.4,3.3,Közművek,77.8
G_21_13,47.479334,19.037923,32,3200.0,20.9,43.8,2.8,Parkok és zöldterületek,78.1
G_21_14,47.479334,19.04598,37,3700.0,18.4,54.1,1.6,Közművek,67.6
G_21_15,47.479334,19.054038,23,2300.0,21.7,30.4,2.2,Közművek,95.7
G_21_16,47.479334,19.062095,20,2000.0,25.6,45.0,0.5,Köztisztaság,60.0
G_21_17,47.479334,19.070153,47,4700.0,22.7,44.7,0.4,Graffiti,46.8
G_21_18,47.479334,19.07821,25,2500.0,15.0,36.0,2.4,Forgalomtechnika,68.0
G_21_19,47.479334,19.086268,20,2000.0,16.1,50.0,1.0,Parkok és zöldterületek,70.0
G_21_21,47.479334,19.102382,2,200.0,,0.0,0.0,Parkok és zöldterületek,100.0
G_21_22,47.479334,19.11044,1,100.0,19.0,100.0,0.0,Elhagyott jármű,100.0
G_21_24,47.479334,19.126555,11,1100.0,22.4,45.5,0.9,Közművek,90.9
G_21_25,47.479334,19.134612,10,1000.0,22.0,70.0,4.0,Forgalomtechnika,40.0
G_21_26,47.479334,19.14267,8,800.0,14.2,62.5,6.2,Parkok és zöldterületek,62.5
G_21_27,47.479334,19.150727,15,1500.0,21.8,26.7,0.0,Köztisztaság,40.0
G_21_28,47.479334,19.158784,7,700.0,50.0,42.9,10.0,Forgalomtechnika,14.3
G_21_29,47.479334,19.166842,7,700.0,7.2,57.1,0.0,Elhagyott jármű,14.3
G_21_30,47.479334,19.174899,8,800.0,12.0,37.5,2.5,Köztisztaság,0.0
G_21_31,47.479334,19.182957,1,100.0,,0.0,0.0,Kerékpározás,100.0
G_21_37,47.479334,19.231301,3,300.0,25.0,66.7,0.0,Akadálymentesítés,33.3
G_21_38,47.479334,19.239359,9,900.0,28.0,22.2,3.3,Parkok és zöldterületek,100.0
G_21_39,47.479334,19.247416,12,1200.0,36.5,50.0,0.0,Köztisztaság,66.7
G_21_40,47.479334,19.255474,7,700.0,26.0,28.6,2.9,Elhagyott jármű,57.1
G_21_45,47.479334,19.295761,2,200.0,,0.0,10.0,Elhagyott jármű,100.0
G_22_04,47.48411,18.965406,1,100.0,,0.0,0.0,Kátyú,0.0
G_22_06,47.48411,18.981521,1,100.0,,0.0,0.0,Köztisztaság,100.0
G_22_07,47.48411,18.989578,3,300.0,31.5,66.7,6.7,Köztisztaság,66.7
G_22_08,47.48411,18.997636,6,600.0,5.5,33.3,3.3,Forgalomtechnika,50.0
G_22_09,47.48411,19.005693,1,100.0,,0.0,10.0,Parkok és zöldterületek,100.0
G_22_10,47.48411,19.013751,11,1100.0,20.0,36.4,1.8,Elhagyott jármű,36.4
G_22_11,47.48411,19.021808,4,400.0,,0.0,0.0,Parkok és zöldterületek,50.0
G_22_12,47.48411,19.029866,15,1500.0,6.8,26.7,0.7,Köztisztaság,66.7
G_22_13,47.48411,19.037923,8,800.0,17.7,37.5,1.2,Közművek,75.0
G_22_14,47.48411,19.04598,7,700.0,,0.0,7.1,Parkok és zöldterületek,71.4
G_22_15,47.48411,19.054038,26,2600.0,32.2,30.8,0.4,Közművek,69.2
G_22_16,47.48411,19.062095,24,2400.0,12.5,25.0,2.5,Parkok és zöldterületek,75.0
G_22_17,47.48411,19.070153,56,5600.0,20.4,42.9,1.2,Köztisztaság,67.9
G_22_18,47.48411,19.07821,32,3200.0,17.3,34.4,1.6,Parkok és zöldterületek,34.4
G_22_19,47.48411,19.086268,1,100.0,,0.0,0.0,Forgalomtechnika,0.0
G_22_20,47.48411,19.094325,9,900.0,34.2,66.7,1.1,Elhagyott jármű,22.2
G_22_21,47.48411,19.102382,3,300.0,3.0,33.3,3.3,Elhagyott jármű,33.3
G_22_22,47.48411,19.11044,3,300.0,12.0,33.3,0.0,Elhagyott jármű,100.0
G_22_23,47.48411,19.118497,5,500.0,6.7,60.0,0.0,Közvilágítás,0.0
G_22_24,47.48411,19.126555,20,2000.0,11.8,25.0,1.0,Parkok és zöldterületek,50.0
G_22_25,47.48411,19.134612,6,600.0,3.5,33.3,0.0,Elhagyott jármű,33.3
G_22_26,47.48411,19.14267,4,400.0,7.0,75.0,5.0,Parkok és zöldterületek,50.0
G_22_27,47.48411,19.150727,8,800.0,63.3,37.5,2.5,Elhagyott jármű,100.0
G_22_28,47.48411,19.158784,4,400.0,5.0,75.0,5.0,Közösségi közlekedés,25.0
G_22_29,47.48411,19.166842,3,300.0,,0.0,0.0,Közművek,0.0
G_22_32,47.48411,19.191014,3,300.0,,0.0,0.0,Forgalomtechnika,66.7
G_22_33,47.48411,19.199072,8,800.0,21.0,25.0,1.2,Egyéb,75.0
G_22_34,47.48411,19.207129,1,100.0,,0.0,0.0,Járda,0.0
G_22_36,47.48411,19.223244,9,900.0,21.7,33.3,0.0,Egyéb,100.0
G_22_37,47.48411,19.231301,7,700.0,15.0,28.6,0.0,Járda,85.7
G_22_38,47.48411,19.239359,9,900.0,27.3,33.3,3.3,Forgalomtechnika,100.0
G_22_39,47.48411,19.247416,2,200.0,,0.0,10.0,Egyéb,50.0
G_22_42,47.48411,19.271588,2,200.0,,0.0,10.0,Járda,0.0
G_22_43,47.48411,19.279646,1,100.0,6.0,100.0,0.0,Közművek,100.0
G_23_02,47.488886,18.949291,1,100.0,,0.0,0.0,Köztisztaság,100.0
G_23_07,47.488886,18.989578,2,200.0,26.5,100.0,0.0,Közművek,50.0
G_23_08,47.488886,18.997636,18,1800.0,23.2,66.7,2.2,Parkok és zöldterületek,66.7
G_23_09,47.488886,19.005693,19,1900.0,24.9,47.4,3.2,Köztisztaság,36.8
G_23_10,47.488886,19.013751,8,800.0,18.0,12.5,2.5,Forgalomtechnika,12.5
G_23_11,47.488886,19.021808,12,1200.0,26.0,25.0,0.8,Parkok és zöldterületek,50.0
G_23_12,47.488886,19.029866,14,1400.0,14.0,42.9,1.4,Köztisztaság,78.6
G_23_13,47.488886,19.037923,16,1600.0,10.5,37.5,2.5,Parkok és zöldterületek,68.8
G_23_14,47.488886,19.04598,11,1100.0,42.7,27.3,1.8,Forgalomtechnika,54.5
G_23_15,47.488886,19.054038,22,2200.0,17.6,22.7,0.9,Forgalomtechnika,63.6
G_23_16,47.488886,19.062095,50,5000.0,18.4,38.0,2.4,Forgalomtechnika,60.0
G_23_17,47.488886,19.070153,42,4200.0,29.0,33.3,4.0,Forgalomtechnika,42.9
G_23_18,47.488886,19.07821,29,2900.0,19.0,31.0,1.0,Parkok és zöldterületek,37.9
G_23_19,47.488886,19.086268,21,2100.0,25.7,33.3,0.0,Parkok és zöldterületek,19.0
G_23_20,47.488886,19.094325,18,1800.0,8.0,55.6,2.2,Köztisztaság,50.0
G_23_22,47.488886,19.11044,5,500.0,28.0,60.0,4.0,Egyéb,0.0
G_23_23,47.488886,19.118497,5,500.0,,0.0,4.0,Graffiti,20.0
G_23_24,47.488886,19.126555,2,200.0,,0.0,0.0,Forgalomtechnika,100.0
G_23_25,47.488886,19.134612,15,1500.0,21.5,53.3,0.0,Köztisztaság,46.7
G_23_26,47.488886,19.14267,2,200.0,,0.0,5.0,Elhagyott jármű,100.0
G_23_27,47.488886,19.150727,5,500.0,38.2,80.0,4.0,Forgalomtechnika,60.0
G_23_28,47.488886,19.158784,2,200.0,15.0,50.0,0.0,Köztisztaság,50.0
G_23_29,47.488886,19.166842,2,200.0,8.0,50.0,0.0,Köztisztaság,50.0
G_23_30,47.488886,19.174899,3,300.0,21.5,66.7,0.0,Közösségi közlekedés,33.3
G_23_31,47.488886,19.182957,1,100.0,7.0,100.0,0.0,Parkok és zöldterületek,0.0
G_23_32,47.488886,19.191014,3,300.0,16.5,66.7,0.0,Egyéb,0.0
G_23_36,47.488886,19.223244,1,100.0,,0.0,0.0,Forgalomtechnika,0.0
G_23_39,47.488886,19.247416,2,200.0,34.5,100.0,0.0,Elhagyott jármű,100.0
G_23_40,47.488886,19.255474,4,400.0,11.0,75.0,5.0,Elhagyott jármű,100.0
G_23_41,47.488886,19.263531,1,100.0,,0.0,0.0,Forgalomtechnika,100.0
G_23_42,47.488886,19.271588,1,100.0,30.0,100.0,0.0,Elhagyott jármű,0.0
G_23_43,47.488886,19.279646,1,100.0,26.0,100.0,20.0,Parkok és zöldterületek,100.0
G_23_44,47.488886,19.287703,1,100.0,6.0,100.0,0.0,Közművek,100.0
G_24_05,47.493662,18.973464,1,100.0,,0.0,0.0,Köztisztaság,0.0
G_24_06,47.493662,18.981521,5,500.0,13.7,60.0,0.0,Parkok és zöldterületek,0.0
G_24_07,47.493662,18.989578,10,1000.0,43.3,30.0,6.0,Köztisztaság,60.0
G_24_08,47.493662,18.997636,5,500.0,27.0,40.0,2.0,Akadálymentesítés,40.0
G_24_09,47.493662,19.005693,13,1300.0,20.2,46.2,0.8,Elhagyott jármű,76.9
G_24_10,47.493662,19.013751,14,1400.0,40.9,50.0,5.7,Parkok és zöldterületek,57.1
G_24_11,47.493662,19.021808,34,3400.0,23.8,35.3,2.1,Kátyú,41.2
G_24_12,47.493662,19.029866,18,1800.0,33.6,55.6,1.7,Köztisztaság,38.9
G_24_13,47.493662,19.037923,7,700.0,35.5,28.6,5.7,Járda,85.7
G_24_14,47.493662,19.04598,17,1700.0,41.0,5.9,2.9,Forgalomtechnika,64.7
G_24_15,47.493662,19.054038,30,3000.0,25.7,23.3,3.3,Parkok és zöldterületek,76.7
G_24_16,47.493662,19.062095,27,2700.0,23.9,40.7,4.1,Közművek,51.9
G_24_17,47.493662,19.070153,35,3500.0,19.6,37.1,1.7,Parkok és zöldterületek,45.7
G_24_18,47.493662,19.07821,35,3500.0,20.4,37.1,0.9,Parkok és zöldterületek,14.3
G_24_19,47.493662,19.086268,8,800.0,,0.0,0.0,Parkok és zöldterületek,25.0
G_24_22,47.493662,19.11044,6,600.0,8.5,33.3,0.0,Közművek,16.7
G_24_23,47.493662,19.118497,3,300.0,7.0,33.3,0.0,Közművek,66.7
G_24_24,47.493662,19.126555,4,400.0,16.0,50.0,0.0,Közművek,75.0
G_24_25,47.493662,19.134612,4,400.0,,0.0,5.0,Elhagyott jármű,50.0
G_24_26,47.493662,19.14267,12,1200.0,37.4,66.7,2.5,Közösségi közlekedés,41.7
G_24_41,47.493662,19.263531,2,200.0,48.0,50.0,0.0,Köztisztaság,50.0
G_24_42,47.493662,19.271588,3,300.0,37.0,66.7,6.7,Egyéb,66.7
G_24_43,47.493662,19.279646,2,200.0,5.0,50.0,0.0,Forgalomtechnika,50.0
G_25_05,47.498438,18.973464,4,400.0,25.5,50.0,0.0,Köztisztaság,25.0
G_25_06,47.498438,18.981521,4,400.0,32.0,25.0,5.0,Forgalomtechnika,0.0
G_25_07,47.498438,18.989578,7,700.0,36.0,28.6,1.4,Köztisztaság,28.6
G_25_08,47.498438,18.997636,4,400.0,63.5,50.0,0.0,Egyéb,100.0
G_25_09,47.498438,19.005693,15,1500.0,23.2,40.0,6.0,Forgalomtechnika,40.0
G_25_10,47.498438,19.013751,10,1000.0,42.0,20.0,4.0,Forgalomtechnika,70.0
G_25_11,47.498438,19.021808,34,3400.0,28.9,26.5,5.3,Forgalomtechnika,64.7
G_25_12,47.498438,19.029866,20,2000.0,22.7,30.0,4.0,Közművek,65.0
G_25_13,47.498438,19.037923,21,2100.0,34.1,42.9,1.9,Parkok és zöldterületek,66.7
G_25_14,47.498438,19.04598,24,2400.0,16.8,50.0,0.8,Közművek,70.8
G_25_15,47.498438,19.054038,49,4900.0,14.3,30.6,1.2,Parkok és zöldterületek,73.5
G_25_16,47.498438,19.062095,42,4200.0,39.8,23.8,1.9,Forgalomtechnika,59.5
G_25_17,47.498438,19.070153,52,5200.0,17.7,28.8,1.3,Forgalomtechnika,51.9
G_25_18,47.498438,19.07821,30,3000.0,30.9,36.7,0.7,Parkok és zöldterületek,43.3
G_25_19,47.498438,19.086268,12,1200.0,16.3,50.0,0.0,Köztisztaság,50.0
G_25_20,47.498438,19.094325,2,200.0,102.0,50.0,0.0,Kátyú,0.0
G_25_21,47.498438,19.102382,18,1800.0,9.3,33.3,3.9,Közművek,77.8
G_25_22,47.498438,19.11044,19,1900.0,48.0,10.5,2.6,Forgalomtechnika,63.2
G_25_23,47.498438,19.118497,2,200.0,,0.0,0.0,Forgalomtechnika,100.0
G_25_25,47.498438,19.134612,2,200.0,,0.0,20.0,Közművek,50.0
G_25_29,47.498438,19.166842,6,600.0,21.0,66.7,0.0,Köztisztaság,100.0
G_25_30,47.498438,19.174899,1,100.0,45.0,100.0,0.0,Köztisztaság,100.0
G_25_31,47.498438,19.182957,1,100.0,,0.0,0.0,Elhagyott jármű,100.0
G_25_32,47.498438,19.191014,1,100.0,,0.0,0.0,Köztisztaság,100.0
G_25_37,47.498438,19.231301,2,200.0,,0.0,0.0,Forgalomtechnika,0.0
G_25_38,47.498438,19.239359,1,100.0,,0.0,0.0,Közösségi közlekedés,0.0
G_25_40,47.498438,19.255474,1,100.0,,0.0,0.0,Parkok és zöldterületek,100.0
G_25_41,47.498438,19.263531,1,100.0,23.0,100.0,20.0,Közművek,100.0
G_25_43,47.498438,19.279646,1,100.0,2.0,100.0,0.0,Közvilágítás,100.0
G_26_04,47.503214,18.965406,2,200.0,7.0,50.0,0.0,Járda,50.0
G_26_06,47.503214,18.981521,5,500.0,11.5,40.0,0.0,Forgalomtechnika,20.0
G_26_07,47.503214,18.989578,9,900.0,24.0,22.2,1.1,Forgalomtechnika,55.6
G_26_08,47.503214,18.997636,3,300.0,7.5,66.7,3.3,Elhagyott jármű,66.7
G_26_09,47.503214,19.005693,10,1000.0,5.5,40.0,3.0,Egyéb,40.0
G_26_10,47.503214,19.013751,8,800.0,24.8,75.0,0.0,Elhagyott jármű,37.5
G_26_11,47.503214,19.021808,31,3100.0,28.2,35.5,4.2,Köztisztaság,61.3
G_26_12,47.503214,19.029866,23,2300.0,27.1,34.8,1.3,Köztisztaság,43.5
G_26_13,47.503214,19.037923,15,1500.0,20.5,26.7,2.0,Forgalomtechnika,60.0
G_26_14,47.503214,19.04598,9,900.0,45.0,22.2,0.0,Forgalomtechnika,55.6
G_26_15,47.503214,19.054038,13,1300.0,38.8,46.2,1.5,Járda,76.9
G_26_16,47.503214,19.062095,41,4100.0,22.2,22.0,2.4,Közművek,82.9
G_26_17,47.503214,19.070153,16,1600.0,37.0,62.5,0.6,Parkok és zöldterületek,43.8
G_26_18,47.503214,19.07821,10,1000.0,2.0,10.0,2.0,Parkok és zöldterületek,60.0
G_26_19,47.503214,19.086268,21,2100.0,7.9,47.6,0.0,Közművek,52.4
G_26_20,47.503214,19.094325,1,100.0,,0.0,0.0,Forgalomtechnika,0.0
G_26_21,47.503214,19.102382,11,1100.0,21.7,27.3,0.9,Parkok és zöldterületek,36.4
G_26_22,47.503214,19.11044,31,3100.0,42.5,35.5,2.3,Köztisztaság,64.5
G_26_23,47.503214,19.118497,33,3300.0,34.9,33.3,0.3,Köztisztaság,84.8
G_26_24,47.503214,19.126555,7,700.0,53.0,42.9,5.7,Parkok és zöldterületek,57.1
G_26_25,47.503214,19.134612,36,3600.0,23.4,36.1,1.9,Köztisztaság,47.2
G_26_26,47.503214,19.14267,9,900.0,37.0,44.4,2.2,Forgalomtechnika,55.6
G_26_27,47.503214,19.150727,8,800.0,35.0,37.5,3.8,Elhagyott jármű,75.0
G_26_28,47.503214,19.158784,2,200.0,,0.0,0.0,Egyéb,0.0
G_26_30,47.503214,19.174899,2,200.0,70.0,100.0,0.0,Köztisztaság,100.0
G_26_32,47.503214,19.191014,2,200.0,35.0,50.0,0.0,Járda,100.0
G_27_03,47.507991,18.957349,1,100.0,,0.0,0.0,Köztisztaság,100.0
G_27_04,47.507991,18.965406,1,100.0,3.0,100.0,0.0,Parkok és zöldterületek,0.0
G_27_06,47.507991,18.981521,2,200.0,42.0,50.0,5.0,Egyéb,50.0
G_27_07,47.507991,18.989578,4,400.0,,0.0,10.0,Kátyú,25.0
G_27_08,47.507991,18.997636,10,1000.0,40.0,20.0,2.0,Köztisztaság,90.0
G_27_09,47.507991,19.005693,9,900.0,32.0,55.6,2.2,Forgalomtechnika,55.6
G_27_10,47.507991,19.013751,15,1500.0,29.5,40.0,7.3,Parkok és zöldterületek,60.0
G_27_11,47.507991,19.021808,55,5500.0,21.3,32.7,2.0,Köztisztaság,63.6
G_27_12,47.507991,19.029866,47,4700.0,21.5,29.8,2.8,Parkok és zöldterületek,59.6
G_27_13,47.507991,19.037923,54,5400.0,32.1,29.6,1.5,Forgalomtechnika,74.1
G_27_14,47.507991,19.04598,6,600.0,8.6,83.3,0.0,Köztisztaság,16.7
G_27_15,47.507991,19.054038,29,2900.0,23.0,13.8,3.8,Forgalomtechnika,44.8
G_27_16,47.507991,19.062095,27,2700.0,8.4,29.6,2.2,Parkok és zöldterületek,59.3
G_27_17,47.507991,19.070153,19,1900.0,47.5,10.5,3.7,Járda,57.9
G_27_18,47.507991,19.07821,9,900.0,23.7,33.3,0.0,Elhagyott jármű,22.2
G_27_19,47.507991,19.086268,29,2900.0,24.2,27.6,3.1,Parkok és zöldterületek,79.3
G_27_20,47.507991,19.094325,22,2200.0,31.8,22.7,4.1,Közművek,36.4
G_27_21,47.507991,19.102382,21,2100.0,10.3,28.6,3.3,Köztisztaság,57.1
G_27_22,47.507991,19.11044,20,2000.0,14.2,25.0,1.0,Parkok és zöldterületek,65.0
G_27_23,47.507991,19.118497,5,500.0,33.0,100.0,2.0,Parkok és zöldterületek,20.0
G_27_24,47.507991,19.126555,25,2500.0,21.8,40.0,2.4,Parkok és zöldterületek,76.0
G_27_25,47.507991,19.134612,16,1600.0,20.3,56.2,0.6,Köztisztaság,37.5
G_27_26,47.507991,19.14267,27,2700.0,19.3,22.2,1.9,Elhagyott jármű,63.0
G_27_27,47.507991,19.150727,17,1700.0,46.5,35.3,3.5,Köztisztaság,94.1
G_27_28,47.507991,19.158784,5,500.0,25.3,60.0,4.0,Közművek,60.0
G_27_29,47.507991,19.166842,6,600.0,74.0,33.3,0.0,Parkok és zöldterületek,33.3
G_27_30,47.507991,19.174899,6,600.0,36.3,50.0,5.0,Parkok és zöldterületek,83.3
G_27_31,47.507991,19.182957,8,800.0,10.0,12.5,3.8,Parkok és zöldterületek,37.5
G_27_32,47.507991,19.191014,6,600.0,2.0,16.7,5.0,Egyéb,50.0
G_27_33,47.507991,19.199072,3,300.0,20.0,100.0,6.7,Közművek,0.0
G_27_34,47.507991,19.207129,4,400.0,9.5,50.0,5.0,Járda,25.0
G_28_04,47.512767,18.965406,1,100.0,,0.0,10.0,Forgalomtechnika,0.0
G_28_05,47.512767,18.973464,4,400.0,,25.0,0.0,Kátyú,25.0
G_28_06,47.512767,18.981521,5,500.0,2.0,20.0,6.0,Parkok és zöldterületek,20.0
G_28_07,47.512767,18.989578,5,500.0,6.0,20.0,8.0,Forgalomtechnika,40.0
G_28_08,47.512767,18.997636,3,300.0,2.0,33.3,0.0,Járda,66.7
G_28_09,47.512767,19.005693,21,2100.0,11.0,23.8,4.8,Parkok és zöldterületek,61.9
G_28_10,47.512767,19.013751,7,700.0,22.0,28.6,1.4,Köztisztaság,57.1
G_28_11,47.512767,19.021808,13,1300.0,18.8,30.8,0.8,Forgalomtechnika,61.5
G_28_12,47.512767,19.029866,36,3600.0,20.1,36.1,1.4,Köztisztaság,22.2
G_28_13,47.512767,19.037923,52,5200.0,24.6,30.8,1.0,Köztisztaság,57.7
G_28_14,47.512767,19.04598,52,5200.0,18.8,32.7,0.8,Köztisztaság,19.2
G_28_15,47.512767,19.054038,69,6900.0,22.5,43.5,2.0,Közművek,49.3
G_28_16,47.512767,19.062095,4,400.0,6.0,25.0,12.5,Forgalomtechnika,100.0
G_28_17,47.512767,19.070153,7,700.0,16.3,42.9,1.4,Forgalomtechnika,57.1
G_28_18,47.512767,19.07821,10,1000.0,33.0,10.0,0.0,Parkok és zöldterületek,80.0
G_28_19,47.512767,19.086268,18,1800.0,4.0,38.9,4.4,Parkok és zöldterületek,66.7
G_28_20,47.512767,19.094325,27,2700.0,33.2,37.0,3.0,Kátyú,70.4
G_28_21,47.512767,19.102382,28,2800.0,17.5,28.6,1.1,Közművek,71.4
G_28_22,47.512767,19.11044,39,3900.0,22.7,56.4,1.8,Parkok és zöldterületek,61.5
G_28_23,47.512767,19.118497,39,3900.0,21.9,48.7,2.6,Parkok és zöldterületek,61.5
G_28_24,47.512767,19.126555,27,2700.0,21.4,40.7,2.6,Közművek,92.6
G_28_25,47.512767,19.134612,9,900.0,32.0,44.4,0.0,Egyéb,66.7
G_28_26,47.512767,19.14267,26,2600.0,32.3,26.9,3.1,Köztisztaság,73.1
G_28_27,47.512767,19.150727,17,1700.0,25.3,41.2,2.4,Köztisztaság,94.1
G_28_28,47.512767,19.158784,4,400.0,3.0,25.0,10.0,Közművek,50.0
G_28_29,47.512767,19.166842,2,200.0,31.0,50.0,0.0,Parkok és zöldterületek,100.0
G_28_30,47.512767,19.174899,1,100.0,,0.0,0.0,Forgalomtechnika,100.0
G_28_32,47.512767,19.191014,5,500.0,21.5,40.0,0.0,Parkok és zöldterületek,20.0
G_28_33,47.512767,19.199072,4,400.0,,0.0,5.0,Egyéb,0.0
G_29_03,47.517543,18.957349,1,100.0,,100.0,0.0,EgyÃĐb,100.0
G_29_05,47.517543,18.973464,5,500.0,39.0,40.0,2.0,Köztisztaság,20.0
G_29_06,47.517543,18.981521,16,1600.0,18.5,37.5,0.0,Elhagyott jármű,62.5
G_29_07,47.517543,18.989578,7,700.0,40.0,42.9,2.9,Köztisztaság,28.6
G_29_08,47.517543,18.997636,29,2900.0,27.8,37.9,1.7,Köztisztaság,62.1
G_29_09,47.517543,19.005693,13,1300.0,17.8,46.2,0.8,Köztisztaság,84.6
G_29_10,47.517543,19.013751,6,600.0,,0.0,1.7,Köztisztaság,66.7
G_29_11,47.517543,19.021808,9,900.0,8.8,55.6,0.0,Közművek,55.6
G_29_12,47.517543,19.029866,15,1500.0,12.0,33.3,2.7,Közművek,66.7
G_29_13,47.517543,19.037923,25,2500.0,11.2,24.0,0.8,Forgalomtechnika,44.0
G_29_14,47.517543,19.04598,17,1700.0,46.6,52.9,1.8,Parkok és zöldterületek,70.6
G_29_15,47.517543,19.054038,25,2500.0,31.6,28.0,0.8,Parkok és zöldterületek,44.0
G_29_16,47.517543,19.062095,25,2500.0,17.1,40.0,1.6,Köztisztaság,36.0
G_29_17,47.517543,19.070153,25,2500.0,10.1,40.0,4.0,Köztisztaság,100.0
G_29_18,47.517543,19.07821,15,1500.0,63.0,13.3,1.3,Parkok és zöldterületek,60.0
G_29_19,47.517543,19.086268,13,1300.0,22.0,23.1,6.2,Forgalomtechnika,38.5
G_29_20,47.517543,19.094325,28,2800.0,34.6,32.1,1.1,Elhagyott jármű,53.6
G_29_21,47.517543,19.102382,8,800.0,23.0,50.0,0.0,Köztisztaság,12.5
G_29_22,47.517543,19.11044,70,7000.0,19.1,67.1,1.1,Köztisztaság,51.4
G_29_23,47.517543,19.118497,47,4700.0,42.7,29.8,3.2,Forgalomtechnika,61.7
G_29_24,47.517543,19.126555,11,1100.0,56.0,27.3,0.9,Parkok és zöldterületek,27.3
G_29_25,47.517543,19.134612,9,900.0,19.0,22.2,2.2,Kátyú,44.4
G_29_26,47.517543,19.14267,11,1100.0,37.5,18.2,3.6,Parkok és zöldterületek,54.5
G_29_27,47.517543,19.150727,5,500.0,14.5,40.0,0.0,Parkok és zöldterületek,100.0
G_29_28,47.517543,19.158784,4,400.0,13.0,25.0,2.5,Közművek,25.0
G_29_29,47.517543,19.166842,7,700.0,46.0,42.9,1.4,Parkok és zöldterületek,42.9
G_29_31,47.517543,19.182957,8,800.0,41.0,25.0,2.5,Járda,87.5
G_29_34,47.517543,19.207129,3,300.0,,0.0,0.0,Parkok és zöldterületek,0.0
G_29_35,47.517543,19.215186,5,500.0,21.0,40.0,10.0,Kerékpározás,20.0
G_29_37,47.517543,19.231301,1,100.0,,0.0,0.0,Elhagyott jármű,100.0
G_30_03,47.522319,18.957349,1,100.0,13.0,100.0,20.0,Forgalomtechnika,100.0
G_30_04,47.522319,18.965406,3,300.0,,0.0,0.0,Forgalomtechnika,66.7
G_30_05,47.522319,18.973464,5,500.0,26.7,60.0,0.0,Köztisztaság,40.0
G_30_06,47.522319,18.981521,14,1400.0,36.5,28.6,3.6,Parkok és zöldterületek,92.9
G_30_07,47.522319,18.989578,49,4900.0,29.8,51.0,0.2,Köztisztaság,87.8
G_30_08,47.522319,18.997636,11,1100.0,13.0,9.1,2.7,Parkok és zöldterületek,54.5
G_30_09,47.522319,19.005693,12,1200.0,29.0,58.3,3.3,Parkok és zöldterületek,91.7
G_30_10,47.522319,19.013751,2,200.0,9.0,100.0,0.0,Közművek,50.0
G_30_11,47.522319,19.021808,8,800.0,6.3,37.5,2.5,Parkok és zöldterületek,37.5
G_30_12,47.522319,19.029866,5,500.0,18.0,20.0,0.0,Parkok és zöldterületek,60.0
G_30_13,47.522319,19.037923,19,1900.0,32.8,31.6,2.6,Parkok és zöldterületek,73.7
G_30_14,47.522319,19.04598,5,500.0,48.5,40.0,6.0,Kerékpározás,60.0
G_30_15,47.522319,19.054038,17,1700.0,13.3,35.3,1.8,Forgalomtechnika,52.9
G_30_16,47.522319,19.062095,17,1700.0,16.5,11.8,1.2,Parkok és zöldterületek,52.9
G_30_17,47.522319,19.070153,12,1200.0,19.1,58.3,1.7,Köztisztaság,41.7
G_30_18,47.522319,19.07821,10,1000.0,8.7,30.0,3.0,Parkok és zöldterületek,90.0
G_30_19,47.522319,19.086268,6,600.0,5.2,66.7,3.3,Köztisztaság,83.3
G_30_20,47.522319,19.094325,16,1600.0,31.0,43.8,1.2,Parkok és zöldterületek,37.5
G_30_21,47.522319,19.102382,25,2500.0,21.0,16.0,1.6,Forgalomtechnika,52.0
G_30_22,47.522319,19.11044,15,1500.0,32.8,33.3,1.3,Köztisztaság,80.0
G_30_23,47.522319,19.118497,12,1200.0,35.6,41.7,4.2,Elhagyott jármű,58.3
G_30_24,47.522319,19.126555,20,2000.0,34.0,40.0,1.0,Parkok és zöldterületek,70.0
G_30_25,47.522319,19.134612,9,900.0,8.5,22.2,1.1,Közművek,55.6
G_30_27,47.522319,19.150727,4,400.0,31.0,25.0,0.0,Parkok és zöldterületek,50.0
G_30_28,47.522319,19.158784,3,300.0,,0.0,3.3,Forgalomtechnika,33.3
G_30_29,47.522319,19.166842,6,600.0,9.0,16.7,6.7,Köztisztaság,100.0
G_30_30,47.522319,19.174899,2,200.0,,0.0,5.0,Köztisztaság,100.0
G_30_31,47.522319,19.182957,11,1100.0,51.0,9.1,0.9,Parkok és zöldterületek,81.8
G_30_34,47.522319,19.207129,1,100.0,,0.0,0.0,Forgalomtechnika,100.0
G_30_35,47.522319,19.215186,2,200.0,15.0,50.0,0.0,Kerékpározás,50.0
G_30_37,47.522319,19.231301,2,200.0,104.0,50.0,0.0,Kátyú,0.0
G_31_02,47.527095,18.949291,1,100.0,8.0,100.0,0.0,Forgalomtechnika,0.0
G_31_03,47.527095,18.957349,4,400.0,5.0,75.0,5.0,Parkok és zöldterületek,75.0
G_31_04,47.527095,18.965406,1,100.0,67.0,100.0,0.0,Egyéb,100.0
G_31_05,47.527095,18.973464,5,500.0,12.0,20.0,0.0,Elhagyott jármű,60.0
G_31_06,47.527095,18.981521,14,1400.0,29.3,21.4,0.0,Köztisztaság,92.9
G_31_07,47.527095,18.989578,14,1400.0,1.5,14.3,1.4,Köztisztaság,64.3
G_31_08,47.527095,18.997636,1,100.0,,0.0,0.0,Kerékpározás,0.0
G_31_09,47.527095,19.005693,3,300.0,,0.0,3.3,Parkok és zöldterületek,66.7
G_31_10,47.527095,19.013751,3,300.0,23.0,66.7,0.0,Parkok és zöldterületek,33.3
G_31_11,47.527095,19.021808,7,700.0,8.0,14.3,0.0,Elhagyott jármű,71.4
G_31_12,47.527095,19.029866,7,700.0,37.5,28.6,7.1,Forgalomtechnika,28.6
G_31_13,47.527095,19.037923,18,1800.0,15.8,27.8,2.8,Forgalomtechnika,61.1
G_31_14,47.527095,19.04598,3,300.0,5.5,66.7,10.0,Közvilágítás,66.7
G_31_15,47.527095,19.054038,12,1200.0,32.2,41.7,3.3,Kerékpározás,66.7
G_31_16,47.527095,19.062095,16,1600.0,29.8,31.2,0.6,Parkok és zöldterületek,43.8
G_31_17,47.527095,19.070153,8,800.0,17.2,75.0,2.5,Köztisztaság,87.5
G_31_18,47.527095,19.07821,12,1200.0,43.0,25.0,0.8,Forgalomtechnika,75.0
G_31_19,47.527095,19.086268,11,1100.0,31.3,54.5,0.9,Köztisztaság,54.5
G_31_20,47.527095,19.094325,5,500.0,4.0,20.0,0.0,Elhagyott jármű,100.0
G_31_21,47.527095,19.102382,8,800.0,18.0,25.0,1.2,Elhagyott jármű,62.5
G_31_22,47.527095,19.11044,10,1000.0,32.7,30.0,0.0,Elhagyott jármű,80.0
G_31_23,47.527095,19.118497,10,1000.0,14.7,30.0,1.0,Forgalomtechnika,80.0
G_31_24,47.527095,19.126555,23,2300.0,26.8,39.1,2.6,Köztisztaság,91.3
G_31_25,47.527095,19.134612,2,200.0,,0.0,0.0,Közművek,100.0
G_31_26,47.527095,19.14267,4,400.0,25.5,50.0,0.0,Kátyú,50.0
G_31_27,47.527095,19.150727,1,100.0,,0.0,0.0,Forgalomtechnika,0.0
G_31_29,47.527095,19.166842,2,200.0,,0.0,0.0,Kerékpározás,100.0
G_31_30,47.527095,19.174899,1,100.0,,0.0,30.0,Kátyú,100.0
G_31_31,47.527095,19.182957,3,300.0,,0.0,6.7,Parkok és zöldterületek,100.0
G_31_32,47.527095,19.191014,2,200.0,,0.0,0.0,Parkok és zöldterületek,50.0
G_31_33,47.527095,19.199072,2,200.0,82.0,50.0,0.0,Egyéb,50.0
G_31_34,47.527095,19.207129,1,100.0,,0.0,0.0,Elhagyott jármű,100.0
G_31_36,47.527095,19.223244,1,100.0,,0.0,0.0,Egyéb,0.0
G_31_37,47.527095,19.231301,6,600.0,20.3,50.0,0.0,Kátyú,50.0
G_32_04,47.531872,18.965406,1,100.0,17.0,100.0,0.0,Parkok és zöldterületek,100.0
G_32_05,47.531872,18.973464,1,100.0,12.0,100.0,0.0,Köztisztaság,0.0
G_32_06,47.531872,18.981521,10,1000.0,17.0,30.0,2.0,Forgalomtechnika,90.0
G_32_07,47.531872,18.989578,10,1000.0,18.8,80.0,0.0,Elhagyott jármű,60.0
G_32_08,47.531872,18.997636,6,600.0,11.0,16.7,0.0,Elhagyott jármű,50.0
G_32_09,47.531872,19.005693,2,200.0,,0.0,0.0,Köztisztaság,100.0
G_32_10,47.531872,19.013751,1,100.0,8.0,100.0,0.0,Közművek,0.0
G_32_11,47.531872,19.021808,7,700.0,72.7,42.9,8.6,Kátyú,57.1
G_32_12,47.531872,19.029866,4,400.0,,0.0,2.5,Elhagyott jármű,50.0
G_32_13,47.531872,19.037923,25,2500.0,98.0,4.0,2.4,Parkok és zöldterületek,68.0
G_32_14,47.531872,19.04598,14,1400.0,29.3,50.0,2.1,Köztisztaság,85.7
G_32_15,47.531872,19.054038,10,1000.0,20.0,40.0,1.0,Parkok és zöldterületek,50.0
G_32_16,47.531872,19.062095,3,300.0,7.0,33.3,0.0,Forgalomtechnika,100.0
G_32_17,47.531872,19.070153,31,3100.0,22.6,35.5,1.0,Köztisztaság,35.5
G_32_18,47.531872,19.07821,6,600.0,35.0,33.3,8.3,Forgalomtechnika,16.7
G_32_19,47.531872,19.086268,9,900.0,46.7,33.3,1.1,Forgalomtechnika,77.8
G_32_20,47.531872,19.094325,1,100.0,,0.0,0.0,Köztisztaság,100.0
G_32_21,47.531872,19.102382,16,1600.0,36.8,37.5,0.0,Elhagyott jármű,87.5
G_32_22,47.531872,19.11044,2,200.0,35.0,50.0,10.0,Forgalomtechnika,100.0
G_32_23,47.531872,19.118497,7,700.0,,0.0,1.4,Parkok és zöldterületek,85.7
G_32_24,47.531872,19.126555,8,800.0,,0.0,2.5,Kátyú,62.5
G_32_25,47.531872,19.134612,4,400.0,3.0,25.0,0.0,Elhagyott jármű,100.0
G_32_27,47.531872,19.150727,1,100.0,,0.0,0.0,Kátyú,100.0
G_32_29,47.531872,19.166842,1,100.0,,0.0,0.0,Parkok és zöldterületek,100.0
G_32_30,47.531872,19.174899,2,200.0,44.0,50.0,10.0,Elhagyott jármű,100.0
G_32_31,47.531872,19.182957,3,300.0,,0.0,3.3,Egyéb,100.0
G_32_32,47.531872,19.191014,3,300.0,,0.0,6.7,Forgalomtechnika,0.0
G_32_34,47.531872,19.207129,2,200.0,9.0,50.0,0.0,Forgalomtechnika,0.0
G_32_35,47.531872,19.215186,1,100.0,,0.0,0.0,Közművek,100.0
G_32_38,47.531872,19.239359,1,100.0,46.0,100.0,0.0,Parkok és zöldterületek,100.0
G_33_02,47.536648,18.949291,1,100.0,5.0,100.0,0.0,Parkok és zöldterületek,100.0
G_33_04,47.536648,18.965406,2,200.0,,0.0,5.0,Forgalomtechnika,50.0
G_33_05,47.536648,18.973464,4,400.0,2.0,25.0,0.0,Köztisztaság,75.0
G_33_06,47.536648,18.981521,4,400.0,2.5,50.0,0.0,Parkok és zöldterületek,50.0
G_33_10,47.536648,19.013751,2,200.0,16.0,50.0,10.0,Közművek,100.0
G_33_11,47.536648,19.021808,3,300.0,,0.0,0.0,Parkok és zöldterületek,100.0
G_33_12,47.536648,19.029866,15,1500.0,3.0,6.7,5.3,Járda,80.0
G_33_13,47.536648,19.037923,30,3000.0,22.8,16.7,0.3,Forgalomtechnika,40.0
G_33_14,47.536648,19.04598,17,1700.0,50.2,23.5,2.4,Köztisztaság,88.2
G_33_15,47.536648,19.054038,8,800.0,64.5,25.0,3.8,Forgalomtechnika,75.0
G_33_16,47.536648,19.062095,18,1800.0,20.4,38.9,0.0,Parkok és zöldterületek,100.0
G_33_17,47.536648,19.070153,10,1000.0,20.7,40.0,0.0,Parkok és zöldterületek,60.0
G_33_18,47.536648,19.07821,3,300.0,45.0,33.3,0.0,Elhagyott jármű,100.0
G_33_19,47.536648,19.086268,7,700.0,57.3,42.9,7.1,Köztisztaság,28.6
G_33_20,47.536648,19.094325,15,1500.0,43.5,40.0,1.3,Elhagyott jármű,86.7
G_33_21,47.536648,19.102382,5,500.0,33.0,20.0,0.0,Köztisztaság,60.0
G_33_22,47.536648,19.11044,5,500.0,7.0,40.0,0.0,Forgalomtechnika,60.0
G_33_23,47.536648,19.118497,1,100.0,38.0,100.0,0.0,Elhagyott jármű,100.0
G_33_25,47.536648,19.134612,11,1100.0,8.0,36.4,2.7,Elhagyott jármű,90.9
G_33_26,47.536648,19.14267,4,400.0,,0.0,0.0,Elhagyott jármű,50.0
G_33_30,47.536648,19.174899,1,100.0,,0.0,0.0,Egyéb,100.0
G_33_31,47.536648,19.182957,1,100.0,25.0,100.0,0.0,Közösségi közlekedés,0.0
G_33_32,47.536648,19.191014,1,100.0,,0.0,20.0,Forgalomtechnika,0.0
G_33_33,47.536648,19.199072,4,400.0,2.5,50.0,0.0,Forgalomtechnika,0.0
G_33_34,47.536648,19.207129,1,100.0,10.0,100.0,0.0,Parkok és zöldterületek,100.0
G_33_38,47.536648,19.239359,1,100.0,,0.0,0.0,Parkok és zöldterületek,100.0
G_34_00,47.541424,18.933176,1,100.0,,0.0,0.0,Köztisztaság,100.0
G_34_02,47.541424,18.949291,2,200.0,,0.0,0.0,Kátyú,0.0
G_34_04,47.541424,18.965406,7,700.0,30.3,42.9,0.0,Köztisztaság,57.1
G_34_05,47.541424,18.973464,1,100.0,5.0,100.0,10.0,Parkok és zöldterületek,100.0
G_34_07,47.541424,18.989578,2,200.0,7.0,50.0,0.0,Egyéb,100.0
G_34_09,47.541424,19.005693,1,100.0,,0.0,10.0,Kátyú,100.0
G_34_12,47.541424,19.029866,10,1000.0,41.5,20.0,1.0,Forgalomtechnika,0.0
G_34_13,47.541424,19.037923,40,4000.0,23.6,40.0,2.5,Parkok és zöldterületek,55.0
G_34_14,47.541424,19.04598,19,1900.0,12.2,21.1,2.6,Egyéb,63.2
G_34_16,47.541424,19.062095,8,800.0,19.5,25.0,1.2,Parkok és zöldterületek,87.5
G_34_17,47.541424,19.070153,5,500.0,6.5,40.0,2.0,Forgalomtechnika,80.0
G_34_18,47.541424,19.07821,7,700.0,28.0,28.6,2.9,Parkok és zöldterületek,57.1
G_34_19,47.541424,19.086268,6,600.0,8.0,16.7,0.0,Parkok és zöldterületek,0.0
G_34_20,47.541424,19.094325,14,1400.0,33.7,42.9,0.7,Parkok és zöldterületek,35.7
G_34_22,47.541424,19.11044,2,200.0,,0.0,0.0,Forgalomtechnika,100.0
G_34_23,47.541424,19.118497,2,200.0,,0.0,20.0,Parkok és zöldterületek,100.0
G_34_24,47.541424,19.126555,3,300.0,,0.0,0.0,Parkok és zöldterületek,100.0
G_34_25,47.541424,19.134612,29,2900.0,22.3,37.9,0.3,Elhagyott jármű,100.0
G_34_26,47.541424,19.14267,12,1200.0,13.0,41.7,0.8,Elhagyott jármű,100.0
G_34_27,47.541424,19.150727,2,200.0,26.0,100.0,0.0,Elhagyott jármű,100.0
G_35_00,47.5462,18.933176,1,100.0,,0.0,0.0,Kátyú,0.0
G_35_01,47.5462,18.941234,1,100.0,46.0,100.0,0.0,Elhagyott jármű,100.0
G_35_02,47.5462,18.949291,2,200.0,42.0,50.0,0.0,Kátyú,100.0
G_35_03,47.5462,18.957349,6,600.0,94.0,16.7,10.0,Forgalomtechnika,50.0
G_35_04,47.5462,18.965406,9,900.0,16.5,44.4,1.1,Kátyú,77.8
G_35_07,47.5462,18.989578,2,200.0,,0.0,0.0,Egyéb,100.0
G_35_08,47.5462,18.997636,1,100.0,,0.0,0.0,Parkok és zöldterületek,0.0
G_35_09,47.5462,19.005693,1,100.0,11.0,100.0,0.0,Köztisztaság,0.0
G_35_10,47.5462,19.013751,1,100.0,8.0,100.0,0.0,Forgalomtechnika,0.0
G_35_12,47.5462,19.029866,25,2500.0,40.4,36.0,0.8,Parkok és zöldterületek,36.0
G_35_13,47.5462,19.037923,15,1500.0,60.5,13.3,2.7,Parkok és zöldterületek,33.3
G_35_14,47.5462,19.04598,11,1100.0,20.3,27.3,3.6,Parkok és zöldterületek,45.5
G_35_16,47.5462,19.062095,2,200.0,,0.0,10.0,Köztisztaság,100.0
G_35_17,47.5462,19.070153,6,600.0,24.2,83.3,1.7,Köztisztaság,50.0
G_35_18,47.5462,19.07821,27,2700.0,21.0,22.2,3.0,Parkok és zöldterületek,48.1
G_35_19,47.5462,19.086268,3,300.0,,0.0,3.3,Parkok és zöldterületek,66.7
G_35_20,47.5462,19.094325,9,900.0,18.2,66.7,0.0,Parkok és zöldterületek,77.8
G_35_22,47.5462,19.11044,2,200.0,3.0,50.0,0.0,Forgalomtechnika,100.0
G_35_23,47.5462,19.118497,4,400.0,18.5,50.0,5.0,Elhagyott jármű,75.0
G_35_24,47.5462,19.126555,2,200.0,4.0,50.0,5.0,Elhagyott jármű,100.0
G_35_25,47.5462,19.134612,11,1100.0,17.5,18.2,1.8,Elhagyott jármű,100.0
G_35_26,47.5462,19.14267,14,1400.0,16.0,64.3,2.9,Elhagyott jármű,92.9
G_36_02,47.550976,18.949291,3,300.0,,0.0,6.7,Járda,66.7
G_36_03,47.550976,18.957349,2,200.0,17.5,100.0,0.0,Közművek,50.0
G_36_04,47.550976,18.965406,1,100.0,3.0,100.0,0.0,Köztisztaság,0.0
G_36_06,47.550976,18.981521,1,100.0,,0.0,0.0,Parkok és zöldterületek,0.0
G_36_11,47.550976,19.021808,2,200.0,,0.0,5.0,Egyéb,100.0
G_36_12,47.550976,19.029866,3,300.0,48.0,33.3,0.0,Forgalomtechnika,33.3
G_36_13,47.550976,19.037923,17,1700.0,29.2,29.4,4.1,Kátyú,64.7
G_36_14,47.550976,19.04598,21,2100.0,28.2,28.6,0.5,Parkok és zöldterületek,57.1
G_36_15,47.550976,19.054038,1,100.0,,0.0,0.0,Elhagyott jármű,100.0
G_36_17,47.550976,19.070153,5,500.0,58.0,20.0,0.0,Graffiti,100.0
G_36_18,47.550976,19.07821,17,1700.0,18.6,29.4,1.2,Forgalomtechnika,64.7
G_36_19,47.550976,19.086268,8,800.0,48.0,37.5,1.2,Közművek,75.0
G_36_20,47.550976,19.094325,2,200.0,,0.0,0.0,Akadálymentesítés,100.0
G_36_21,47.550976,19.102382,1,100.0,,0.0,0.0,Forgalomtechnika,100.0
G_36_22,47.550976,19.11044,1,100.0,2.0,100.0,0.0,Köztisztaság,100.0
G_36_23,47.550976,19.118497,5,500.0,36.2,80.0,0.0,Elhagyott jármű,80.0
G_36_24,47.550976,19.126555,5,500.0,1.0,40.0,2.0,Egyéb,60.0
G_36_25,47.550976,19.134612,10,1000.0,23.5,40.0,2.0,Elhagyott jármű,70.0
G_36_26,47.550976,19.14267,11,1100.0,49.2,36.4,0.0,Forgalomtechnika,18.2
G_37_01,47.555753,18.941234,3,300.0,74.0,33.3,0.0,Kátyú,33.3
G_37_02,47.555753,18.949291,1,100.0,,0.0,0.0,Közművek,0.0
G_37_03,47.555753,18.957349,2,200.0,,0.0,10.0,Kátyú,0.0
G_37_04,47.555753,18.965406,2,200.0,,0.0,0.0,Egyéb,100.0
G_37_05,47.555753,18.973464,1,100.0,,0.0,0.0,Kátyú,100.0
G_37_10,47.555753,19.013751,1,100.0,,0.0,20.0,Forgalomtechnika,0.0
G_37_12,47.555753,19.029866,6,600.0,70.0,16.7,3.3,Parkok és zöldterületek,83.3
G_37_13,47.555753,19.037923,1,100.0,,0.0,0.0,Köztisztaság,100.0
G_37_14,47.555753,19.04598,26,2600.0,21.5,23.1,1.9,Parkok és zöldterületek,53.8
G_37_15,47.555753,19.054038,3,300.0,,0.0,3.3,Forgalomtechnika,66.7
G_37_18,47.555753,19.07821,22,2200.0,18.9,36.4,1.4,Forgalomtechnika,90.9
G_37_19,47.555753,19.086268,14,1400.0,12.8,35.7,0.7,Közművek,100.0
G_37_20,47.555753,19.094325,14,1400.0,35.7,42.9,0.7,Járda,64.3
G_37_21,47.555753,19.102382,4,400.0,7.0,25.0,0.0,Egyéb,75.0
G_37_22,47.555753,19.11044,9,900.0,8.3,33.3,0.0,Köztisztaság,100.0
G_37_23,47.555753,19.118497,14,1400.0,17.0,21.4,7.1,Közművek,100.0
G_38_01,47.560529,18.941234,4,400.0,36.0,50.0,7.5,Forgalomtechnika,25.0
G_38_02,47.560529,18.949291,3,300.0,,0.0,6.7,Forgalomtechnika,66.7
G_38_03,47.560529,18.957349,9,900.0,,0.0,3.3,Parkok és zöldterületek,77.8
G_38_04,47.560529,18.965406,6,600.0,3.0,16.7,3.3,Parkok és zöldterületek,66.7
G_38_11,47.560529,19.021808,3,300.0,,0.0,3.3,Egyéb,33.3
G_38_12,47.560529,19.029866,9,900.0,,0.0,0.0,Elhagyott jármű,88.9
G_38_13,47.560529,19.037923,2,200.0,2.0,50.0,0.0,Kátyú,50.0
G_38_14,47.560529,19.04598,11,1100.0,31.5,18.2,0.9,Forgalomtechnika,45.5
G_38_15,47.560529,19.054038,3,300.0,,0.0,0.0,Kerékpározás,66.7
G_38_16,47.560529,19.062095,1,100.0,,0.0,0.0,Parkok és zöldterületek,0.0
G_38_17,47.560529,19.070153,2,200.0,12.0,50.0,0.0,Járda,50.0
G_38_18,47.560529,19.07821,24,2400.0,14.1,29.2,1.7,Köztisztaság,58.3
G_38_19,47.560529,19.086268,37,3700.0,15.5,59.5,1.6,Forgalomtechnika,83.8
G_38_20,47.560529,19.094325,5,500.0,26.0,60.0,0.0,Köztisztaság,40.0
G_38_21,47.560529,19.102382,7,700.0,55.3,42.9,5.7,Forgalomtechnika,85.7
G_38_22,47.560529,19.11044,14,1400.0,,0.0,1.4,Forgalomtechnika,64.3
G_38_23,47.560529,19.118497,8,800.0,32.7,37.5,6.2,Kátyú,87.5
G_39_01,47.565305,18.941234,1,100.0,,0.0,0.0,Kátyú,100.0
G_39_02,47.565305,18.949291,6,600.0,18.2,66.7,0.0,Köztisztaság,100.0
G_39_03,47.565305,18.957349,7,700.0,33.7,42.9,7.1,Parkok és zöldterületek,85.7
G_39_04,47.565305,18.965406,1,100.0,,0.0,10.0,Közvilágítás,100.0
G_39_07,47.565305,18.989578,2,200.0,,0.0,0.0,Egyéb,0.0
G_39_10,47.565305,19.013751,1,100.0,,0.0,20.0,Kátyú,0.0
G_39_11,47.565305,19.021808,2,200.0,,0.0,0.0,Egyéb,0.0
G_39_13,47.565305,19.037923,1,100.0,36.0,100.0,0.0,Köztisztaság,100.0
G_39_14,47.565305,19.04598,6,600.0,49.5,33.3,1.7,Elhagyott jármű,83.3
G_39_15,47.565305,19.054038,7,700.0,,0.0,5.7,Kátyú,71.4
G_39_16,47.565305,19.062095,3,300.0,23.0,33.3,3.3,Elhagyott jármű,66.7
G_39_18,47.565305,19.07821,13,1300.0,20.0,15.4,0.0,Forgalomtechnika,92.3
G_39_19,47.565305,19.086268,15,1500.0,5.4,33.3,0.0,Közművek,93.3
G_39_20,47.565305,19.094325,12,1200.0,14.8,41.7,0.0,Közművek,83.3
G_39_21,47.565305,19.102382,15,1500.0,21.7,20.0,4.0,Parkok és zöldterületek,13.3
G_39_22,47.565305,19.11044,8,800.0,9.5,25.0,0.0,Köztisztaság,37.5
G_39_23,47.565305,19.118497,3,300.0,3.0,33.3,0.0,Forgalomtechnika,100.0
G_39_24,47.565305,19.126555,2,200.0,3.0,50.0,0.0,Forgalomtechnika,100.0
G_39_25,47.565305,19.134612,1,100.0,,0.0,20.0,Forgalomtechnika,0.0
G_40_00,47.570081,18.933176,5,500.0,7.5,40.0,4.0,Forgalomtechnika,100.0
G_40_02,47.570081,18.949291,2,200.0,,0.0,10.0,Forgalomtechnika,50.0
G_40_05,47.570081,18.973464,1,100.0,,0.0,0.0,Köztisztaság,100.0
G_40_09,47.570081,19.005693,1,100.0,64.0,100.0,0.0,Parkok és zöldterületek,0.0
G_40_10,47.570081,19.013751,1,100.0,,0.0,20.0,Forgalomtechnika,0.0
G_40_12,47.570081,19.029866,1,100.0,31.0,100.0,0.0,Közvilágítás,100.0
G_40_14,47.570081,19.04598,13,1300.0,18.8,30.8,4.6,Parkok és zöldterületek,69.2
G_40_15,47.570081,19.054038,11,1100.0,32.7,27.3,0.0,Köztisztaság,45.5
G_40_16,47.570081,19.062095,5,500.0,39.5,40.0,2.0,Parkok és zöldterületek,40.0
G_40_18,47.570081,19.07821,9,900.0,19.7,33.3,0.0,Forgalomtechnika,88.9
G_40_19,47.570081,19.086268,4,400.0,15.0,50.0,0.0,Parkok és zöldterületek,25.0
G_40_20,47.570081,19.094325,9,900.0,25.0,11.1,2.2,Forgalomtechnika,66.7
G_40_21,47.570081,19.102382,3,300.0,,0.0,0.0,Forgalomtechnika,66.7
G_40_22,47.570081,19.11044,3,300.0,11.0,66.7,0.0,Parkok és zöldterületek,100.0
G_40_23,47.570081,19.118497,1,100.0,,0.0,20.0,Forgalomtechnika,100.0
G_41_00,47.574857,18.933176,2,200.0,,0.0,0.0,Köztisztaság,100.0
G_41_01,47.574857,18.941234,1,100.0,25.0,100.0,0.0,Parkok és zöldterületek,0.0
G_41_10,47.574857,19.013751,12,1200.0,28.7,25.0,6.7,Forgalomtechnika,25.0
G_41_11,47.574857,19.021808,1,100.0,63.0,100.0,0.0,Közösségi közlekedés,0.0
G_41_14,47.574857,19.04598,3,300.0,,0.0,0.0,Akadálymentesítés,100.0
G_41_15,47.574857,19.054038,4,400.0,19.0,75.0,0.0,Közművek,75.0
G_41_16,47.574857,19.062095,7,700.0,11.0,14.3,1.4,Forgalomtechnika,42.9
G_41_18,47.574857,19.07821,2,200.0,68.0,50.0,0.0,Kátyú,0.0
G_41_19,47.574857,19.086268,2,200.0,,0.0,10.0,Elhagyott jármű,100.0
G_41_20,47.574857,19.094325,2,200.0,,0.0,0.0,Elhagyott jármű,100.0
G_41_22,47.574857,19.11044,5,500.0,57.0,40.0,0.0,Forgalomtechnika,80.0
G_41_23,47.574857,19.118497,4,400.0,17.0,75.0,0.0,Parkok és zöldterületek,75.0
G_41_24,47.574857,19.126555,1,100.0,,0.0,0.0,Parkok és zöldterületek,0.0
G_41_25,47.574857,19.134612,2,200.0,16.0,50.0,20.0,Forgalomtechnika,50.0
G_41_26,47.574857,19.14267,1,100.0,21.0,100.0,0.0,Forgalomtechnika,0.0
G_42_13,47.579634,19.037923,3,300.0,,0.0,13.3,Forgalomtechnika,0.0
G_42_14,47.579634,19.04598,2,200.0,,0.0,0.0,Elhagyott jármű,100.0
G_42_15,47.579634,19.054038,5,500.0,30.0,20.0,0.0,Parkok és zöldterületek,60.0
G_42_16,47.579634,19.062095,11,1100.0,,0.0,11.8,Kátyú,72.7
G_42_17,47.579634,19.070153,2,200.0,19.0,100.0,0.0,Köztisztaság,0.0
G_42_18,47.579634,19.07821,1,100.0,55.0,100.0,0.0,Elhagyott jármű,100.0
G_42_19,47.579634,19.086268,1,100.0,,0.0,0.0,Forgalomtechnika,100.0
G_42_20,47.579634,19.094325,1,100.0,,0.0,0.0,Forgalomtechnika,100.0
G_42_21,47.579634,19.102382,2,200.0,,0.0,0.0,Egyéb,100.0
G_42_22,47.579634,19.11044,4,400.0,17.5,50.0,0.0,Parkok és zöldterületek,50.0
G_42_23,47.579634,19.118497,3,300.0,,0.0,0.0,Forgalomtechnika,66.7
G_42_24,47.579634,19.126555,1,100.0,,0.0,10.0,Parkok és zöldterületek,100.0
G_43_10,47.58441,19.013751,1,100.0,,0.0,0.0,Közösségi közlekedés,0.0
G_43_14,47.58441,19.04598,9,900.0,1.0,22.2,7.8,Forgalomtechnika,44.4
G_43_15,47.58441,19.054038,4,400.0,51.5,50.0,0.0,Parkok és zöldterületek,50.0
G_43_16,47.58441,19.062095,5,500.0,,0.0,4.0,Kátyú,100.0
G_43_17,47.58441,19.070153,1,100.0,,0.0,0.0,Kerékpározás,0.0
G_43_19,47.58441,19.086268,2,200.0,13.0,50.0,5.0,Elhagyott jármű,0.0
G_43_22,47.58441,19.11044,4,400.0,62.0,25.0,2.5,Parkok és zöldterületek,100.0
G_43_23,47.58441,19.118497,5,500.0,34.0,40.0,0.0,Parkok és zöldterületek,100.0
G_43_24,47.58441,19.126555,2,200.0,10.0,100.0,0.0,Parkok és zöldterületek,100.0
G_43_25,47.58441,19.134612,1,100.0,,0.0,0.0,Parkolás,100.0
G_44_13,47.589186,19.037923,3,300.0,26.0,33.3,0.0,Elhagyott jármű,66.7
G_44_14,47.589186,19.04598,2,200.0,,0.0,5.0,Egyéb,50.0
G_44_15,47.589186,19.054038,1,100.0,,0.0,0.0,Parkok és zöldterületek,0.0
G_44_16,47.589186,19.062095,1,100.0,,0.0,10.0,Forgalomtechnika,100.0
G_44_17,47.589186,19.070153,4,400.0,34.0,25.0,2.5,Köztisztaság,0.0
G_44_19,47.589186,19.086268,1,100.0,,0.0,0.0,Közművek,100.0
G_44_20,47.589186,19.094325,1,100.0,,0.0,0.0,Akadálymentesítés,0.0
G_44_21,47.589186,19.102382,5,500.0,8.8,80.0,0.0,Forgalomtechnika,40.0
G_44_23,47.589186,19.118497,2,200.0,1.0,50.0,0.0,Köztisztaság,50.0
G_45_13,47.593962,19.037923,2,200.0,,0.0,0.0,Elhagyott jármű,50.0
G_45_14,47.593962,19.04598,17,1700.0,41.5,23.5,0.0,Elhagyott jármű,47.1
G_45_15,47.593962,19.054038,35,3500.0,28.0,14.3,1.4,Köztisztaság,37.1
G_45_16,47.593962,19.062095,34,3400.0,34.6,50.0,0.3,Közvilágítás,14.7
G_45_17,47.593962,19.070153,10,1000.0,5.0,50.0,0.0,Közművek,40.0
G_45_20,47.593962,19.094325,2,200.0,2.0,50.0,10.0,Kerékpározás,100.0
G_45_21,47.593962,19.102382,1,100.0,,0.0,0.0,Köztisztaság,100.0
G_45_22,47.593962,19.11044,1,100.0,13.0,100.0,0.0,Parkok és zöldterületek,100.0
G_45_23,47.593962,19.118497,1,100.0,35.0,100.0,0.0,Egyéb,100.0
G_46_13,47.598738,19.037923,1,100.0,,0.0,0.0,Köztisztaság,100.0
G_46_14,47.598738,19.04598,15,1500.0,27.0,13.3,3.3,Parkok és zöldterületek,33.3
G_46_15,47.598738,19.054038,60,6000.0,30.2,28.3,1.0,Parkok és zöldterületek,28.3
G_46_16,47.598738,19.062095,82,8200.0,24.8,37.8,2.0,Parkok és zöldterületek,42.7
G_46_17,47.598738,19.070153,14,1400.0,27.0,35.7,2.1,Parkok és zöldterületek,42.9
G_46_22,47.598738,19.11044,1,100.0,,0.0,20.0,Közvilágítás,0.0
G_46_23,47.598738,19.118497,1,100.0,4.0,100.0,0.0,Graffiti,0.0
G_47_13,47.603514,19.037923,3,300.0,,0.0,6.7,Parkok és zöldterületek,100.0
G_47_14,47.603514,19.04598,1,100.0,,0.0,0.0,Parkok és zöldterületek,0.0
G_47_15,47.603514,19.054038,2,200.0,,0.0,0.0,Kátyú,0.0
G_47_16,47.603514,19.062095,69,6900.0,37.8,34.8,0.7,Parkok és zöldterületek,15.9
G_47_17,47.603514,19.070153,14,1400.0,20.8,42.9,0.7,Közművek,14.3
G_47_20,47.603514,19.094325,2,200.0,41.0,100.0,5.0,Forgalomtechnika,50.0
G_48_15,47.608291,19.054038,1,100.0,,0.0,0.0,Köztisztaság,100.0
G_48_16,47.608291,19.062095,1,100.0,,0.0,0.0,Egyéb,100.0
G_48_17,47.608291,19.070153,5,500.0,36.0,20.0,6.0,Elhagyott jármű,40.0
G_48_22,47.608291,19.11044,2,200.0,,0.0,0.0,Közművek,50.0
